Date,Close/Last
02/27/2025,53.85
02/26/2025,55.03
02/25/2025,54.87
02/24/2025,54.31
02/21/2025,54.45
02/20/2025,54.8
02/19/2025,54.43
02/18/2025,55.33
02/14/2025,55.03
02/13/2025,54.66
02/12/2025,54.14
02/11/2025,53.46
02/10/2025,52.91
02/07/2025,52.45
02/06/2025,53.01
02/05/2025,52.57
02/04/2025,52.26
02/03/2025,51.16
01/31/2025,52.12
01/30/2025,52.59
01/29/2025,52.04
01/28/2025,51.92
01/27/2025,52.24
01/24/2025,52.16
01/23/2025,52.07
01/22/2025,51.67
01/21/2025,51.56
01/17/2025,50.43
01/16/2025,50.22
01/15/2025,49.46
01/14/2025,48.96
01/13/2025,48.5
01/10/2025,48.69
01/08/2025,49.1
01/07/2025,49.32
01/06/2025,49.17
01/03/2025,47.94
01/02/2025,47.66
12/31/2024,48.15
12/30/2024,48.18
12/27/2024,48.58
12/26/2024,48.78
12/24/2024,48.57
12/23/2024,48.4
12/20/2024,48.28
12/19/2024,48.26
12/18/2024,48.38
12/17/2024,49.64
12/16/2024,49.63
12/13/2024,49.89
12/12/2024,49.58
12/11/2024,49.89
12/10/2024,49.73
12/09/2024,50.17
12/06/2024,50.19
12/05/2024,50.02
12/04/2024,49.39
12/03/2024,49.04
12/02/2024,48.71
11/29/2024,48.57
11/27/2024,47.85
11/26/2024,47.63
11/25/2024,47.95
11/22/2024,47.7
11/21/2024,47.72
11/20/2024,47.82
11/19/2024,48.05
11/18/2024,48.34
11/15/2024,48.18
11/14/2024,48.32
11/13/2024,47.91
11/12/2024,48.16
11/11/2024,49.18
11/08/2024,49.36
11/07/2024,50.28
11/06/2024,49.38
11/05/2024,50.8
11/04/2024,50.34
11/01/2024,50.43
10/31/2024,50.25
10/30/2024,50.61
10/29/2024,51.1
10/28/2024,51.3
10/25/2024,50.78
10/24/2024,50.98
10/23/2024,50.58
10/22/2024,50.9
10/21/2024,51.09
10/18/2024,51.75
10/17/2024,51.06
10/16/2024,50.99
10/15/2024,51.26
10/14/2024,52.63
10/11/2024,52.32
10/10/2024,51.99
10/09/2024,52.12
10/08/2024,51.91
10/07/2024,51.9
10/04/2024,52.12
10/03/2024,51.74
10/02/2024,52.29
10/01/2024,52.41
09/30/2024,53.24
09/27/2024,53.81
09/26/2024,53.81
09/25/2024,52.22
09/24/2024,52.71
09/23/2024,51.94
09/20/2024,52.04
09/19/2024,52.72
09/18/2024,51.49
09/17/2024,51.62
09/16/2024,51.65
09/13/2024,51.36
09/12/2024,51.12
09/11/2024,50.76
09/10/2024,50.22
09/09/2024,50.57
09/06/2024,50.16
09/05/2024,51.11
09/04/2024,51.36
09/03/2024,51.59
08/30/2024,52.53
08/29/2024,52.39
08/28/2024,52.25
08/27/2024,52.44
08/26/2024,52.29
08/23/2024,52.54
08/22/2024,51.69
08/21/2024,52.17
08/20/2024,51.66
08/19/2024,51.67
08/16/2024,51
08/15/2024,50.6
08/14/2024,49.81
08/13/2024,49.46
08/12/2024,48.67
08/09/2024,48.85
08/08/2024,48.76
08/07/2024,47.98
08/06/2024,47.74
08/05/2024,47.72
08/02/2024,48.45
08/01/2024,48.93
07/31/2024,50.31
07/30/2024,49.93
07/29/2024,49.79
07/26/2024,50.45
07/25/2024,49.73
07/24/2024,49.94
07/23/2024,50.71
07/22/2024,51.05
07/19/2024,50.06
07/18/2024,50.54
07/17/2024,50.93
07/16/2024,51.62
07/15/2024,51.65
07/12/2024,52.32
07/11/2024,51.48
07/10/2024,51.35
07/09/2024,50.62
07/08/2024,51.27
07/05/2024,51.57
07/03/2024,51.22
07/02/2024,50.36
07/01/2024,50.59
06/28/2024,50.03
06/27/2024,50.1
06/26/2024,50.09
06/25/2024,50.5
06/24/2024,50.46
06/21/2024,51.07
06/20/2024,51.51
06/18/2024,51.39
06/17/2024,51.23
06/14/2024,50.46
06/13/2024,51.82
06/12/2024,53.01
06/11/2024,52.06
06/10/2024,52.72
06/07/2024,53.06
06/06/2024,53.82
06/05/2024,53.57
06/04/2024,52.7
06/03/2024,53.09
05/31/2024,52.93
05/30/2024,52.66
05/29/2024,52.28
05/28/2024,53.24
05/24/2024,53.2
05/23/2024,52.7
05/22/2024,52.9
05/21/2024,53.39
05/20/2024,53.45
05/17/2024,53.52
05/16/2024,53.37
05/15/2024,53.92
05/14/2024,53.45
05/13/2024,53.11
05/10/2024,53.06
05/09/2024,52.87
05/08/2024,52.36
05/07/2024,52.1
05/06/2024,51.72
05/03/2024,51.22
05/02/2024,50.74
05/01/2024,50.34
04/30/2024,50.5
04/29/2024,51.51
04/26/2024,51.67
04/25/2024,51.12
04/24/2024,51.37
04/23/2024,51.59
04/22/2024,50.67
04/19/2024,50.12
04/18/2024,50.18
04/17/2024,50.21
04/16/2024,50.14
04/15/2024,50.29
04/12/2024,50.26
04/11/2024,51.35
04/10/2024,51.37
04/09/2024,52.01
04/08/2024,52.32
04/05/2024,51.98
04/04/2024,51.9
04/03/2024,52.51
04/02/2024,52.07
04/01/2024,52.67
03/28/2024,52.55
03/27/2024,52.79
03/26/2024,52.36
03/25/2024,52.25
03/22/2024,52.09
03/21/2024,52.36
03/20/2024,52.6
03/19/2024,51.88
03/18/2024,51.75
03/15/2024,52.12
03/14/2024,52.04
03/13/2024,52.45
03/12/2024,52.24
03/11/2024,51.64
03/08/2024,51.75
03/07/2024,52.23
03/06/2024,51.35
03/05/2024,50.73
03/04/2024,51.07
03/01/2024,50.91
02/29/2024,50.71
02/28/2024,50.66
02/27/2024,50.77
02/26/2024,50.53
02/23/2024,50.47
02/22/2024,50.44
02/21/2024,49.65
02/20/2024,49.33
02/16/2024,49.01
02/15/2024,49.12
02/14/2024,48.54
02/13/2024,47.89
02/12/2024,48.85
02/09/2024,48.86
02/08/2024,48.51
02/07/2024,48.34
02/06/2024,48.33
02/05/2024,47.94
02/02/2024,48.12
02/01/2024,48.43
01/31/2024,47.85
01/30/2024,48.36
01/29/2024,48.26
01/26/2024,48.1
01/25/2024,47.67
01/24/2024,47.42
01/23/2024,46.49
01/22/2024,46.58
01/19/2024,46.61
01/18/2024,46.45
01/17/2024,45.8
01/16/2024,46.09
01/12/2024,46.95
01/11/2024,46.89
01/10/2024,46.95
01/09/2024,46.69
01/08/2024,47.21
01/05/2024,46.61
01/04/2024,46.68
01/03/2024,46.47
01/02/2024,47.12
12/29/2023,47.81
12/28/2023,47.76
12/27/2023,48.16
12/26/2023,47.96
12/22/2023,47.61
12/21/2023,47.73
12/20/2023,46.97
12/19/2023,47.7
12/18/2023,47.27
12/15/2023,47.36
12/14/2023,47.84
12/13/2023,47.65
12/12/2023,47.03
12/11/2023,46.88
12/08/2023,46.72
12/07/2023,46.35
12/06/2023,46.09
12/05/2023,46.07
12/04/2023,45.94
12/01/2023,46.05
11/30/2023,45.73
11/29/2023,45.9
11/28/2023,45.64
11/27/2023,45.63
11/24/2023,45.81
11/22/2023,45.33
11/21/2023,45.28
11/20/2023,45.58
11/17/2023,45.34
11/16/2023,44.76
11/15/2023,44.74
11/14/2023,44.65
11/13/2023,43.32
11/10/2023,43.18
11/09/2023,42.84
11/08/2023,42.8
11/07/2023,42.4
11/06/2023,42.57
11/03/2023,42.81
11/02/2023,42.5
11/01/2023,41.5
10/31/2023,41.15
10/30/2023,40.98
10/27/2023,40.34
10/26/2023,40.69
10/25/2023,40.87
10/24/2023,41.17
10/23/2023,40.96
10/20/2023,40.68
10/19/2023,41.08
10/18/2023,41.16
10/17/2023,41.96
10/16/2023,41.9
10/13/2023,41.44
10/12/2023,42.06
10/11/2023,42.63
10/10/2023,42.34
10/09/2023,41.71
10/06/2023,42.07
10/05/2023,41.42
10/04/2023,41.29
10/03/2023,40.94
10/02/2023,41.27
09/29/2023,42.01
09/28/2023,41.97
09/27/2023,41.45
09/26/2023,41.55
09/25/2023,42.17
09/22/2023,42.57
09/21/2023,42.6
09/20/2023,43.28
09/19/2023,43.3
09/18/2023,43.28
09/15/2023,43.68
09/14/2023,43.74
09/13/2023,43.27
09/12/2023,43.53
09/11/2023,43.84
09/08/2023,43.34
09/07/2023,43.23
09/06/2023,43.55
09/05/2023,43.76
09/01/2023,44.26
08/31/2023,44.58
08/30/2023,45.14
08/29/2023,45.15
08/28/2023,44.5
08/25/2023,43.98
08/24/2023,43.6
08/23/2023,44.38
08/22/2023,44.13
08/21/2023,44.21
08/18/2023,43.88
08/17/2023,43.82
08/16/2023,44.32
08/15/2023,44.62
08/14/2023,45.26
08/11/2023,45.33
08/10/2023,45.83
08/09/2023,45.39
08/08/2023,45.23
08/07/2023,45.78
08/04/2023,45.27
08/03/2023,45.1
08/02/2023,45.29
08/01/2023,46.32
07/31/2023,47.03
07/28/2023,47.06
07/27/2023,46.25
07/26/2023,46.19
07/25/2023,46.24
07/24/2023,46.41
07/21/2023,46.75
07/20/2023,46.42
07/19/2023,46.69
07/18/2023,47.05
07/17/2023,46.92
07/14/2023,47.05
07/13/2023,47.23
07/12/2023,46.42
07/11/2023,45.24
07/10/2023,44.79
07/07/2023,44.44
07/06/2023,44.01
07/05/2023,45.08
07/03/2023,45.98
06/30/2023,45.98
06/29/2023,45.28
06/28/2023,45.26
06/27/2023,45.22
06/26/2023,44.55
06/23/2023,44.37
06/22/2023,45.04
06/21/2023,45.26
06/20/2023,45.28
06/16/2023,46.71
06/15/2023,46.64
06/14/2023,46.08
06/13/2023,45.75
06/12/2023,45.38
06/09/2023,44.88
06/08/2023,45.22
06/07/2023,44.65
06/06/2023,44.81
06/05/2023,44.69
06/02/2023,45.14
06/01/2023,44.67
05/31/2023,44.04
05/30/2023,44.82
05/26/2023,45.36
05/25/2023,44.68
05/24/2023,44.57
05/23/2023,45.32
05/22/2023,46.22
05/19/2023,46.21
05/18/2023,45.85
05/17/2023,45.78
05/16/2023,45.44
05/15/2023,45.73
05/12/2023,45.52
05/11/2023,45.67
05/10/2023,45.87
05/09/2023,45.93
05/08/2023,46.37
05/05/2023,46.4
05/04/2023,45.66
05/03/2023,45.83
05/02/2023,45.72
05/01/2023,46.23
04/28/2023,46.32
04/27/2023,46.5
04/26/2023,45.93
04/25/2023,45.82
04/24/2023,46.65
04/21/2023,46.51
04/20/2023,46.12
04/19/2023,46.22
04/18/2023,46.28
04/17/2023,45.9
04/14/2023,46.27
04/13/2023,46.35
04/12/2023,45.71
04/11/2023,45.31
04/10/2023,45.21
04/06/2023,45.2
04/05/2023,44.96
04/04/2023,45.27
04/03/2023,45.14
03/31/2023,44.9
03/30/2023,44.74
03/29/2023,43.97
03/28/2023,43.21
03/27/2023,43.11
03/24/2023,42.76
03/23/2023,43.17
03/22/2023,43.06
03/21/2023,43.13
03/20/2023,42.25
03/17/2023,41.56
03/16/2023,42.18
03/15/2023,41.39
03/14/2023,42.95
03/13/2023,42.08
03/10/2023,42.61
03/09/2023,42.89
03/08/2023,43.38
03/07/2023,43.14
03/06/2023,44
03/03/2023,43.98
03/02/2023,43.29
03/01/2023,43.1
02/28/2023,42.85
02/27/2023,43.16
02/24/2023,42.43
02/23/2023,43.51
02/22/2023,43.06
02/21/2023,43.24
02/17/2023,43.93
02/16/2023,43.82
02/15/2023,44.05
02/14/2023,43.89
02/13/2023,43.71
02/10/2023,43.06
02/09/2023,43.45
02/08/2023,43.29
02/07/2023,43.61
02/06/2023,43.29
02/03/2023,43.83
02/02/2023,44.37
02/01/2023,44.17
01/31/2023,43.55
01/30/2023,43.04
01/27/2023,43.45
01/26/2023,43.69
01/25/2023,43.56
01/24/2023,43.31
01/23/2023,43.29
01/20/2023,43
01/19/2023,42.58
01/18/2023,42.89
01/17/2023,43.16
01/13/2023,43.25
01/12/2023,42.97
01/11/2023,42.38
01/10/2023,41.9
01/09/2023,41.55
01/06/2023,41.1
01/05/2023,39.9
01/04/2023,40.35
01/03/2023,39.27
12/30/2022,38.7
12/29/2022,39.26
12/28/2022,38.48
12/27/2022,38.95
12/23/2022,38.86
12/22/2022,38.82
12/21/2022,39.26
12/20/2022,38.62
12/19/2022,38.52
12/16/2022,38.76
12/15/2022,39.12
12/14/2022,40.49
12/13/2022,40.59
12/12/2022,39.87
12/09/2022,39.69
12/08/2022,39.84
12/07/2022,39.69
12/06/2022,39.6
12/05/2022,39.75
12/02/2022,40.29
12/01/2022,40.25
11/30/2022,40.05
11/29/2022,39.15
11/28/2022,38.93
11/25/2022,39.54
11/23/2022,39.41
11/22/2022,39.04
11/21/2022,38.56
11/18/2022,38.92
11/17/2022,38.73
11/16/2022,38.68
11/15/2022,38.56
11/14/2022,38.31
11/11/2022,38.64
11/10/2022,37.71
11/09/2022,35.5
11/08/2022,35.92
11/07/2022,35.59
11/04/2022,35.25
11/03/2022,33.45
11/02/2022,33.75
11/01/2022,34.57
10/31/2022,34.27
10/28/2022,34.8
10/27/2022,34.29
10/26/2022,34.62
10/25/2022,34.29
10/24/2022,33.43
10/21/2022,33.17
10/20/2022,32.51
10/19/2022,32.47
10/18/2022,32.82
10/17/2022,32.37
10/14/2022,31.3
10/13/2022,31.83
10/12/2022,30.89
10/11/2022,30.9
10/10/2022,31.23
10/07/2022,31.37
10/06/2022,32.12
10/05/2022,32.86
10/04/2022,33.32
10/03/2022,31.49
09/30/2022,30.76
09/29/2022,30.89
09/28/2022,31.31
09/27/2022,30.53
09/26/2022,30.76
09/23/2022,31.18
09/22/2022,32.43
09/21/2022,32.55
09/20/2022,33.04
09/19/2022,33.74
09/16/2022,33.79
09/15/2022,33.94
09/14/2022,34.31
09/13/2022,34.07
09/12/2022,35.42
09/09/2022,34.59
09/08/2022,33.63
09/07/2022,33.83
09/06/2022,33.06
09/02/2022,33.06
09/01/2022,33.33
08/31/2022,33.84
08/30/2022,34.13
08/29/2022,34.3
08/26/2022,34.18
08/25/2022,35.45
08/24/2022,35.03
08/23/2022,34.94
08/22/2022,34.84
08/19/2022,35.94
08/18/2022,36.65
08/17/2022,36.84
08/16/2022,37.28
08/15/2022,37.07
08/12/2022,37.41
08/11/2022,37.04
08/10/2022,37.1
08/09/2022,36.29
08/08/2022,36.58
08/05/2022,36.48
08/04/2022,36.8
08/03/2022,36.43
08/02/2022,35.78
08/01/2022,36.44
07/29/2022,36.49
07/28/2022,35.84
07/27/2022,35.52
07/26/2022,34.48
07/25/2022,35.31
07/22/2022,34.99
07/21/2022,35.2
07/20/2022,34.77
07/19/2022,35.18
07/18/2022,33.79
07/15/2022,33.59
07/14/2022,32.85
07/13/2022,33.38
07/12/2022,33.3
07/11/2022,33.38
07/08/2022,34.06
07/07/2022,34.06
07/06/2022,33.55
07/05/2022,33.53
07/01/2022,34.74
06/30/2022,34.79
06/29/2022,35.06
06/28/2022,35.36
06/27/2022,35.69
06/24/2022,36
06/23/2022,34.83
06/22/2022,34.97
06/21/2022,35.17
06/17/2022,35.4
06/16/2022,35.22
06/15/2022,36.25
06/14/2022,35.38
06/13/2022,35.71
06/10/2022,37.07
06/09/2022,38.31
06/08/2022,39.47
06/07/2022,40.05
06/06/2022,40.01
06/03/2022,39.69
06/02/2022,40.26
06/01/2022,39.19
05/31/2022,39.85
05/27/2022,40.06
05/26/2022,39.31
05/25/2022,38.58
05/24/2022,38.48
05/23/2022,38.68
05/20/2022,37.71
05/19/2022,37.65
05/18/2022,37.26
05/17/2022,38.59
05/16/2022,37.51
05/13/2022,37.55
05/12/2022,36.43
05/11/2022,36.5
05/10/2022,36.55
05/09/2022,36.16
05/06/2022,37.19
05/05/2022,37.74
05/04/2022,39.08
05/03/2022,38.25
05/02/2022,37.95
04/29/2022,37.96
04/28/2022,38.54
04/27/2022,37.81
04/26/2022,37.8
04/25/2022,39.15
04/22/2022,39.54
04/21/2022,40.17
04/20/2022,40.55
04/19/2022,39.97
04/18/2022,39.69
04/14/2022,39.74
04/13/2022,39.97
04/12/2022,39.51
04/11/2022,39.77
04/08/2022,40.04
04/07/2022,40.03
04/06/2022,40
04/05/2022,40.82
04/04/2022,41.7
04/01/2022,41.63
03/31/2022,41.15
03/30/2022,42.24
03/29/2022,42.68
03/28/2022,41.32
03/25/2022,41
03/24/2022,40.96
03/23/2022,40.6
03/22/2022,41.56
03/21/2022,40.96
03/18/2022,41.63
03/17/2022,41.49
03/16/2022,41.44
03/15/2022,39.55
03/14/2022,39.17
03/11/2022,38.35
03/10/2022,38.68
03/09/2022,39.87
03/08/2022,37.26
03/07/2022,36.2
03/04/2022,37.6
03/03/2022,39.67
03/02/2022,40.83
03/01/2022,40.02
02/28/2022,41.74
02/25/2022,43.19
02/24/2022,42.06
02/23/2022,42.85
02/22/2022,43.27
02/18/2022,44.34
02/17/2022,44.54
02/16/2022,45.41
02/15/2022,45.23
02/14/2022,44.01
02/11/2022,44.49
02/10/2022,45.73
02/09/2022,46.25
02/08/2022,45.47
02/07/2022,45.22
02/04/2022,45.19
02/03/2022,45.26
02/02/2022,46
02/01/2022,45.86
01/31/2022,45.33
01/28/2022,44.69
01/27/2022,44.5
01/26/2022,44.66
01/25/2022,44.46
01/24/2022,44.96
01/21/2022,45.55
01/20/2022,46.13
01/19/2022,46.34
01/18/2022,46.28
01/14/2022,47
01/13/2022,46.99
01/12/2022,47.38
01/11/2022,46.89
01/10/2022,46.45
01/07/2022,46.92
01/06/2022,46.81
01/05/2022,47.01
01/04/2022,47.24
01/03/2022,47.07
12/31/2021,46.66
12/30/2021,46.57
12/29/2021,46.65
12/28/2021,46.68
12/27/2021,46.73
12/23/2021,46.3
12/22/2021,45.95
12/21/2021,45.34
12/20/2021,44.68
12/17/2021,45.2
12/16/2021,46.02
12/15/2021,46.15
12/14/2021,45.48
12/13/2021,45.75
12/10/2021,46.2
12/09/2021,45.99
12/08/2021,46.68
12/07/2021,46.72
12/06/2021,45.4
12/03/2021,44.81
12/02/2021,45.27
12/01/2021,44.8
11/30/2021,44.77
11/29/2021,45.13
11/26/2021,44.98
11/24/2021,46.58
11/23/2021,46.99
11/22/2021,47.11
11/19/2021,47.64
11/18/2021,48.42
11/17/2021,48.29
11/16/2021,48.28
11/15/2021,48.28
11/12/2021,48.53
11/11/2021,48.4
11/10/2021,48.25
11/09/2021,48.95
11/08/2021,48.96
11/05/2021,49
11/04/2021,48.65
11/03/2021,48.74
11/02/2021,48.26
11/01/2021,48.22
10/29/2021,47.75
10/28/2021,47.91
10/27/2021,47.33
10/26/2021,47.44
10/25/2021,47.15
10/22/2021,47.36
10/21/2021,47
10/20/2021,47.14
10/19/2021,46.96
10/18/2021,46.77
10/15/2021,47.07
10/14/2021,46.71
10/13/2021,45.99
10/12/2021,45.31
10/11/2021,45.34
10/08/2021,45.63
10/07/2021,45.75
10/06/2021,45.24
10/05/2021,45.56
10/04/2021,45.13
10/01/2021,45.53
09/30/2021,45.29
09/29/2021,45.75
09/28/2021,46
09/27/2021,47.21
09/24/2021,47.19
09/23/2021,47.68
09/22/2021,47.01
09/21/2021,46.43
09/20/2021,45.83
09/17/2021,46.95
09/16/2021,47.75
09/15/2021,47.72
09/14/2021,47.8
09/13/2021,47.95
09/10/2021,47.51
09/09/2021,47.67
09/08/2021,47.79
09/07/2021,48.33
09/03/2021,48.27
09/02/2021,48.58
09/01/2021,48.4
08/31/2021,47.94
08/30/2021,47.95
08/27/2021,47.87
08/26/2021,47.36
08/25/2021,47.59
08/24/2021,47.54
08/23/2021,47.56
08/20/2021,47.04
08/19/2021,46.78
08/18/2021,47.28
08/17/2021,47.55
08/16/2021,48.04
08/13/2021,48.32
08/12/2021,48.03
08/11/2021,47.89
08/10/2021,47.59
08/09/2021,47.52
08/06/2021,47.61
08/05/2021,47.69
08/04/2021,47.47
08/03/2021,47.45
08/02/2021,47.15
07/30/2021,47.03
07/29/2021,47.36
07/28/2021,47
07/27/2021,46.72
07/26/2021,46.91
07/23/2021,46.81
07/22/2021,46.33
07/21/2021,46.2
07/20/2021,45.33
07/19/2021,44.93
07/16/2021,46.05
07/15/2021,46.45
07/14/2021,46.99
07/13/2021,46.73
07/12/2021,47.14
07/09/2021,46.89
07/08/2021,45.88
07/07/2021,46.71
07/06/2021,46.4
07/02/2021,47
07/01/2021,46.95
06/30/2021,46.83
06/29/2021,47.35
06/28/2021,47.36
06/25/2021,47.71
06/24/2021,47.73
06/23/2021,47.16
06/22/2021,47.63
06/21/2021,47.61
06/18/2021,47.51
06/17/2021,48.55
06/16/2021,48.86
06/15/2021,49.35
06/14/2021,49.3
06/11/2021,49.18
06/10/2021,48.96
06/09/2021,48.93
06/08/2021,49.03
06/07/2021,49.09
06/04/2021,48.88
06/03/2021,48.55
06/02/2021,48.91
06/01/2021,48.82
05/28/2021,48.61
05/27/2021,48.35
05/26/2021,48.24
05/25/2021,48.53
05/24/2021,48.47
05/21/2021,48.09
05/20/2021,47.94
05/19/2021,47.09
05/18/2021,47.74
05/17/2021,47.81
05/14/2021,48
05/13/2021,46.9
05/12/2021,46.39
05/11/2021,46.87
05/10/2021,47.47
05/07/2021,48.01
05/06/2021,47.3
05/05/2021,46.86
05/04/2021,46.1
05/03/2021,47.05
04/30/2021,46.47
04/29/2021,47.29
04/28/2021,47.3
04/27/2021,47.12
04/26/2021,47.17
04/23/2021,47.1
04/22/2021,46.6
04/21/2021,46.73
04/20/2021,46.07
04/19/2021,46.96
04/16/2021,47.07
04/15/2021,46.42
04/14/2021,46.07
04/13/2021,46.09
04/12/2021,45.81
04/09/2021,45.98
04/08/2021,45.9
04/07/2021,45.68
04/06/2021,45.61
04/05/2021,46.08
04/01/2021,45.28
03/31/2021,44.51
03/30/2021,44.5
03/29/2021,44.34
03/26/2021,44.42
03/25/2021,43.86
03/24/2021,43.58
03/23/2021,43.69
03/22/2021,44.22
03/19/2021,44.22
03/18/2021,44.2
03/17/2021,44.74
03/16/2021,44.29
03/15/2021,44.36
03/12/2021,44.56
03/11/2021,44.56
03/10/2021,44.13
03/09/2021,43.64
03/08/2021,43.03
03/05/2021,42.81
03/04/2021,42.62
03/03/2021,43.07
03/02/2021,43.33
03/01/2021,43.28
02/26/2021,42.48
02/25/2021,42.9
02/24/2021,43.73
02/23/2021,43.4
02/22/2021,43.35
02/19/2021,43.43
02/18/2021,43.19
02/17/2021,43.25
02/16/2021,43.64
02/12/2021,43.37
02/11/2021,43.09
02/10/2021,42.72
02/09/2021,42.94
02/08/2021,42.86
02/05/2021,42.61
02/04/2021,42.19
02/03/2021,42.05
02/02/2021,41.94
02/01/2021,41.32
01/29/2021,40.76
01/28/2021,41.66
01/27/2021,41.16
01/26/2021,42.34
01/25/2021,41.98
01/22/2021,42.39
01/21/2021,42.65
01/20/2021,42.55
01/19/2021,42.29
01/15/2021,41.96
01/14/2021,42.79
01/13/2021,42.52
01/12/2021,42.61
01/11/2021,42.54
01/08/2021,43.2
01/07/2021,43
01/06/2021,42.98
01/05/2021,42.3
01/04/2021,42.03
12/31/2020,41.72
12/30/2020,42.2
12/29/2020,42.18
12/28/2020,42.11
12/24/2020,41.82
12/23/2020,41.69
12/22/2020,41.1
12/21/2020,41.13
12/18/2020,42.1
12/17/2020,42.4
12/16/2020,41.99
12/15/2020,41.81
12/14/2020,41.22
12/11/2020,41.17
12/10/2020,41.49
12/09/2020,41.42
12/08/2020,41.58
12/07/2020,41.49
12/04/2020,41.72
12/03/2020,41.34
12/02/2020,41.37
12/01/2020,41.35
11/30/2020,40.33
11/27/2020,40.99
11/25/2020,40.69
11/24/2020,40.62
11/23/2020,39.99
11/20/2020,39.95
11/19/2020,40
11/18/2020,39.78
11/17/2020,40.03
11/16/2020,39.96
11/13/2020,39.64
11/12/2020,39.06
11/11/2020,39.72
11/10/2020,39.51
11/09/2020,38.8
11/06/2020,36.95
11/05/2020,36.84
11/04/2020,35.77
11/03/2020,35.33
11/02/2020,34.21
10/30/2020,33.59
10/29/2020,33.7
10/28/2020,33.61
10/27/2020,35.07
10/26/2020,35.69
10/23/2020,36.91
10/22/2020,36.52
10/21/2020,36.54
10/20/2020,37.02
10/19/2020,36.73
10/16/2020,36.92
10/15/2020,36.54
10/14/2020,37.16
10/13/2020,37.35
10/12/2020,37.89
10/09/2020,37.61
10/08/2020,37.28
10/07/2020,36.98
10/06/2020,36.6
10/05/2020,37.06
10/02/2020,36.38
10/01/2020,36.49
09/30/2020,36.35
09/29/2020,36.61
09/28/2020,36.54
09/25/2020,35.76
09/24/2020,35.85
09/23/2020,35.72
09/22/2020,36.29
09/21/2020,36.41
09/18/2020,37.95
09/17/2020,38.37
09/16/2020,38.25
09/15/2020,38.51
09/14/2020,38.29
09/11/2020,38.23
09/10/2020,37.89
09/09/2020,38.36
09/08/2020,37.38
09/04/2020,38.05
09/03/2020,38.01
09/02/2020,38.91
09/01/2020,38.14
08/31/2020,38.1
08/28/2020,38.62
08/27/2020,38.33
08/26/2020,38.85
08/25/2020,38.54
08/24/2020,38.35
08/21/2020,37.6
08/20/2020,37.99
08/19/2020,38.21
08/18/2020,38.26
08/17/2020,38.32
08/14/2020,38.12
08/13/2020,38.44
08/12/2020,38.73
08/11/2020,37.82
08/10/2020,37.55
08/07/2020,37.57
08/06/2020,37.77
08/05/2020,37.73
08/04/2020,37.52
08/03/2020,37.32
07/31/2020,36.55
07/30/2020,37.38
07/29/2020,38.11
07/28/2020,37.67
07/27/2020,37.94
07/24/2020,37.55
07/23/2020,37.83
07/22/2020,38.21
07/21/2020,38.08
07/20/2020,37.93
07/17/2020,37.66
07/16/2020,37.49
07/15/2020,37.6
07/14/2020,37.1
07/13/2020,36.47
07/10/2020,36.53
07/09/2020,36.1
07/08/2020,36.61
07/07/2020,36.28
07/06/2020,36.93
07/02/2020,36.19
07/01/2020,35.54
06/30/2020,35.53
06/29/2020,35.48
06/26/2020,34.94
06/25/2020,35.58
06/24/2020,35.04
06/23/2020,36.05
06/22/2020,35.66
06/19/2020,35.47
06/18/2020,35.7
06/17/2020,35.88
06/16/2020,35.74
06/15/2020,35.26
06/12/2020,34.93
06/11/2020,34.33
06/10/2020,36.66
06/09/2020,36.88
06/08/2020,37.61
06/05/2020,37.19
06/04/2020,36.12
06/03/2020,36.06
06/02/2020,34.68
06/01/2020,34.03
05/29/2020,33.36
05/28/2020,33.27
05/27/2020,32.96
05/26/2020,32.09
05/22/2020,31.18
05/21/2020,31.23
05/20/2020,31.53
05/19/2020,30.74
05/18/2020,31.17
05/15/2020,29.5
05/14/2020,29.43
05/13/2020,29.62
05/12/2020,30.18
05/11/2020,30.63
05/08/2020,30.82
05/07/2020,30.31
05/06/2020,29.77
05/05/2020,30.18
05/04/2020,30.24
05/01/2020,30.38
04/30/2020,31.07
04/29/2020,31.69
04/28/2020,30.63
04/27/2020,30.46
04/24/2020,29.87
04/23/2020,29.54
04/22/2020,29.86
04/21/2020,29.53
04/20/2020,30.3
04/17/2020,30.7
04/16/2020,29.63
04/15/2020,29.76
04/14/2020,31.13
04/13/2020,30.53
04/09/2020,30.9
04/08/2020,30.14
04/07/2020,29.8
04/06/2020,29.64
04/03/2020,27.94
04/02/2020,28.42
04/01/2020,28.01
03/31/2020,29.51
03/30/2020,29.81
03/27/2020,29.33
03/26/2020,30.54
03/25/2020,29.31
03/24/2020,28.26
03/23/2020,25.83
03/20/2020,25.63
03/19/2020,25.56
03/18/2020,25.19
03/17/2020,27.29
03/16/2020,25.95
03/13/2020,29.31
03/12/2020,27.6
03/11/2020,31.53
03/10/2020,33.33
03/09/2020,32.31
03/06/2020,35.64
03/05/2020,36.3
03/04/2020,37.57
03/03/2020,36.25
03/02/2020,36.75
02/28/2020,35.97
02/27/2020,36.26
02/26/2020,37.32
02/25/2020,37.31
02/24/2020,38.29
02/21/2020,40.02
02/20/2020,40.28
02/19/2020,40.52
02/18/2020,40.31
02/14/2020,40.49
02/13/2020,40.49
02/12/2020,40.79
02/11/2020,40.57
02/10/2020,40.38
02/07/2020,40.32
02/06/2020,40.6
02/05/2020,40.38
02/04/2020,39.95
02/03/2020,39.27
01/31/2020,39.1
01/30/2020,39.81
01/29/2020,39.85
01/28/2020,39.79
01/27/2020,39.35
01/24/2020,40.33
01/23/2020,40.4
01/22/2020,40.52
01/21/2020,40.67
01/17/2020,41.08
01/16/2020,40.9
01/15/2020,40.7
01/14/2020,40.77
01/13/2020,40.91
01/10/2020,40.81
01/09/2020,40.94
01/08/2020,40.77
01/07/2020,40.57
01/06/2020,40.8
01/03/2020,40.73
01/02/2020,41.26
12/31/2019,40.79
12/30/2019,40.59
12/27/2019,40.93
12/26/2019,40.79
12/24/2019,40.55
12/23/2019,40.62
12/20/2019,40.61
12/19/2019,40.51
12/18/2019,40.52
12/17/2019,40.67
12/16/2019,40.91
12/13/2019,40.5
12/12/2019,40.29
12/11/2019,39.93
12/10/2019,39.6
12/09/2019,39.5
12/06/2019,39.78
12/05/2019,39.54
12/04/2019,39.58
12/03/2019,39.2
12/02/2019,39.24
11/29/2019,39.72
11/27/2019,39.8
11/26/2019,39.8
11/25/2019,39.77
11/22/2019,39.64
11/21/2019,39.69
11/20/2019,39.63
11/19/2019,39.87
11/18/2019,39.91
11/15/2019,39.92
11/14/2019,39.63
11/13/2019,39.64
11/12/2019,39.75
11/11/2019,39.76
11/08/2019,39.77
11/07/2019,39.77
11/06/2019,39.67
11/05/2019,39.61
11/04/2019,39.65
11/01/2019,39.42
10/31/2019,39.17
10/30/2019,39.27
10/29/2019,39.07
10/28/2019,39.1
10/25/2019,39
10/24/2019,39.04
10/23/2019,39.03
10/22/2019,38.78
10/21/2019,39
10/18/2019,38.83
10/17/2019,38.77
10/16/2019,38.68
10/15/2019,38.61
10/14/2019,38.1
10/11/2019,38.11
10/10/2019,37.35
10/09/2019,36.98
10/08/2019,36.55
10/07/2019,36.95
10/04/2019,36.94
10/03/2019,36.65
10/02/2019,36.38
10/01/2019,37.33
09/30/2019,37.74
09/27/2019,37.5
09/26/2019,37.57
09/25/2019,37.38
09/24/2019,37.62
09/23/2019,37.77
09/20/2019,37.96
09/19/2019,38.04
09/18/2019,37.91
09/17/2019,37.92
09/16/2019,37.67
09/13/2019,38.14
09/12/2019,38.04
09/11/2019,37.68
09/10/2019,37.53
09/09/2019,37.49
09/06/2019,37.36
09/05/2019,37.34
09/04/2019,37.03
09/03/2019,36.5
08/30/2019,36.66
08/29/2019,36.67
08/28/2019,36.19
08/27/2019,36.2
08/26/2019,36.19
08/23/2019,35.83
08/22/2019,36.38
08/21/2019,36.51
08/20/2019,36.03
08/19/2019,36.18
08/16/2019,35.88
08/15/2019,35.46
08/14/2019,35.46
08/13/2019,36.56
08/12/2019,36.13
08/09/2019,36.42
08/08/2019,36.61
08/07/2019,36.28
08/06/2019,36.03
08/05/2019,35.86
08/02/2019,36.55
08/01/2019,36.99
07/31/2019,37.15
07/30/2019,37.46
07/29/2019,38.16
07/26/2019,38.09
07/25/2019,37.96
07/24/2019,38.36
07/23/2019,38.35
07/22/2019,38.01
07/19/2019,37.88
07/18/2019,38.18
07/17/2019,38.11
07/16/2019,38.25
07/15/2019,38.32
07/12/2019,38.28
07/11/2019,38.27
07/10/2019,38.3
07/09/2019,38.23
07/08/2019,38.31
07/05/2019,38.51
07/03/2019,38.79
07/02/2019,38.47
07/01/2019,38.34
06/28/2019,38.3
06/27/2019,38
06/26/2019,37.93
06/25/2019,37.86
06/24/2019,38.13
06/21/2019,38.07
06/20/2019,38.89
06/19/2019,38.51
06/18/2019,38.34
06/17/2019,37.62
06/14/2019,37.61
06/13/2019,37.9
06/12/2019,37.86
06/11/2019,38.16
06/10/2019,37.93
06/07/2019,37.92
06/06/2019,37.32
06/05/2019,37.19
06/04/2019,37.25
06/03/2019,36.59
05/31/2019,36.29
05/30/2019,36.68
05/29/2019,36.5
05/28/2019,36.85
05/24/2019,37.28
05/23/2019,36.82
05/22/2019,37.27
05/21/2019,37.37
05/20/2019,37.15
05/17/2019,37.56
05/16/2019,37.74
05/15/2019,37.31
05/14/2019,37.05
05/13/2019,36.69
05/10/2019,37.52
05/09/2019,37.28
05/08/2019,37.44
05/07/2019,37.19
05/06/2019,38.11
05/03/2019,38.44
05/02/2019,38.1
05/01/2019,38.26
04/30/2019,38.55
04/29/2019,38.21
04/26/2019,37.99
04/25/2019,37.95
04/24/2019,37.99
04/23/2019,38.28
04/22/2019,38.31
04/18/2019,38.31
04/17/2019,38.29
04/16/2019,37.98
04/15/2019,37.95
04/12/2019,37.94
04/11/2019,37.64
04/10/2019,37.59
04/09/2019,37.42
04/08/2019,37.63
04/05/2019,37.61
04/04/2019,37.58
04/03/2019,37.52
04/02/2019,37.13
04/01/2019,37.01
03/29/2019,36.58
03/28/2019,36.32
03/27/2019,36.43
03/26/2019,36.33
03/25/2019,36.26
03/22/2019,36.19
03/21/2019,37.32
03/20/2019,37.47
03/19/2019,37.46
03/18/2019,37.34
03/15/2019,37.18
03/14/2019,36.74
03/13/2019,36.66
03/12/2019,36.25
03/11/2019,36.26
03/08/2019,36.01
03/07/2019,35.87
03/06/2019,36.48
03/05/2019,36.56
03/04/2019,36.53
03/01/2019,36.69
02/28/2019,36.43
02/27/2019,36.25
02/26/2019,36.42
02/25/2019,36.14
02/22/2019,36.06
02/21/2019,35.92
02/20/2019,35.95
02/19/2019,35.8
02/15/2019,35.65
02/14/2019,35.03
02/13/2019,35.14
02/12/2019,35.14
02/11/2019,34.7
02/08/2019,34.72
02/07/2019,34.86
02/06/2019,35.49
02/05/2019,35.64
02/04/2019,35.31
02/01/2019,35.33
01/31/2019,35.25
01/30/2019,35.33
01/29/2019,35.06
01/28/2019,34.9
01/25/2019,34.97
01/24/2019,34.43
01/23/2019,34.4
01/22/2019,34.18
01/18/2019,34.6
01/17/2019,34.1
01/16/2019,34.04
01/15/2019,34.07
01/14/2019,34.03
01/11/2019,34.15
01/10/2019,34.44
01/09/2019,34.47
01/08/2019,34.03
01/07/2019,33.81
01/04/2019,33.78
01/03/2019,32.68
01/02/2019,33.12
12/31/2018,33.27
12/28/2018,33.13
12/27/2018,32.98
12/26/2018,32.96
12/24/2018,32.08
12/21/2018,32.66
12/20/2018,33.24
12/19/2018,33.4
12/18/2018,33.68
12/17/2018,33.61
12/14/2018,33.84
12/13/2018,34.34
12/12/2018,34.36
12/11/2018,33.7
12/10/2018,33.63
12/07/2018,33.76
12/06/2018,34.17
12/04/2018,34.63
12/03/2018,35.54
11/30/2018,35.08
11/29/2018,35.26
11/28/2018,35.41
11/27/2018,34.87
11/26/2018,35.04
11/23/2018,34.52
11/21/2018,34.85
11/20/2018,34.4
11/19/2018,35.08
11/16/2018,35.42
11/15/2018,35.45
11/14/2018,35.26
11/13/2018,35.15
11/12/2018,34.87
11/09/2018,35.67
11/08/2018,35.73
11/07/2018,36.29
11/06/2018,35.82
11/05/2018,35.7
11/02/2018,35.69
11/01/2018,35.62
10/31/2018,35.14
10/30/2018,34.88
10/29/2018,34.69
10/26/2018,34.73
10/25/2018,34.91
10/24/2018,34.38
10/23/2018,35.37
10/22/2018,35.58
10/19/2018,35.91
10/18/2018,35.63
10/17/2018,36.35
10/16/2018,36.75
10/15/2018,36.13
10/12/2018,36.02
10/11/2018,36.01
10/10/2018,36.35
10/09/2018,37.1
10/08/2018,37.08
10/05/2018,37.4
10/04/2018,37.72
10/03/2018,38.16
10/02/2018,37.98
10/01/2018,38.29
09/28/2018,38.27
09/27/2018,38.89
09/26/2018,39.07
09/25/2018,39.04
09/24/2018,38.89
09/21/2018,39.08
09/20/2018,39.05
09/19/2018,38.25
09/18/2018,38.11
09/17/2018,37.88
09/14/2018,37.77
09/13/2018,37.92
09/12/2018,37.48
09/11/2018,37.39
09/10/2018,37.35
09/07/2018,36.93
09/06/2018,37.33
09/05/2018,37.52
09/04/2018,37.87
08/31/2018,38.28
08/30/2018,38.83
08/29/2018,39.34
08/28/2018,39.19
08/27/2018,39.27
08/24/2018,38.73
08/23/2018,38.32
08/22/2018,38.58
08/21/2018,38.35
08/20/2018,37.81
08/17/2018,37.55
08/16/2018,37.26
08/15/2018,37
08/14/2018,37.75
08/13/2018,37.73
08/10/2018,37.92
08/09/2018,39.12
08/08/2018,39.36
08/07/2018,39.48
08/06/2018,39.1
08/03/2018,39.23
08/02/2018,39.29
08/01/2018,39.72
07/31/2018,40
07/30/2018,39.84
07/27/2018,39.77
07/26/2018,39.6
07/25/2018,39.85
07/24/2018,39.49
07/23/2018,39.3
07/20/2018,39.33
07/19/2018,39.15
07/18/2018,39.37
07/17/2018,39.23
07/16/2018,39.27
07/13/2018,39.18
07/12/2018,39.07
07/11/2018,38.77
07/10/2018,39.59
07/09/2018,39.52
07/06/2018,39.32
07/05/2018,39.09
07/03/2018,38.37
07/02/2018,38.15
06/29/2018,38.33
06/28/2018,37.88
06/27/2018,37.82
06/26/2018,38.2
06/25/2018,38.31
06/22/2018,38.82
06/21/2018,38.3
06/20/2018,38.69
06/19/2018,38.78
06/18/2018,39.14
06/15/2018,39.65
06/14/2018,40.65
06/13/2018,40.61
06/12/2018,40.48
06/11/2018,40.78
06/08/2018,40.28
06/07/2018,40.21
06/06/2018,40.56
06/05/2018,40.09
06/04/2018,40.2
06/01/2018,39.99
05/31/2018,39.61
05/30/2018,39.83
05/29/2018,39
05/25/2018,40.45
05/24/2018,40.9
05/23/2018,41.03
05/22/2018,41.67
05/21/2018,41.63
05/18/2018,41.44
05/17/2018,41.59
05/16/2018,41.45
05/15/2018,41.52
05/14/2018,41.85
05/11/2018,41.84
05/10/2018,41.87
05/09/2018,41.58
05/08/2018,41.43
05/07/2018,41.64
05/04/2018,41.6
05/03/2018,41.53
05/02/2018,41.44
05/01/2018,41.37
04/30/2018,41.6
04/27/2018,41.69
04/26/2018,41.58
04/25/2018,41.5
04/24/2018,41.55
04/23/2018,41.77
04/20/2018,41.79
04/19/2018,41.91
04/18/2018,42.07
04/17/2018,41.93
04/16/2018,41.52
04/13/2018,41.36
04/12/2018,41.32
04/11/2018,41.07
04/10/2018,41.29
04/09/2018,40.85
04/06/2018,40.45
04/05/2018,40.7
04/04/2018,40.25
04/03/2018,40.09
04/02/2018,39.66
03/29/2018,40.27
03/28/2018,39.78
03/27/2018,39.53
03/26/2018,40.04
03/23/2018,39.21
03/22/2018,39.68
03/21/2018,40.55
03/20/2018,40.65
03/19/2018,40.71
03/16/2018,41
03/15/2018,40.9
03/14/2018,40.87
03/13/2018,40.75
03/12/2018,41.09
03/09/2018,41.04
03/08/2018,40.9
03/07/2018,40.87
03/06/2018,40.63
03/05/2018,40.44
03/02/2018,40.16
03/01/2018,40.18
02/28/2018,40.55
02/27/2018,40.94
02/26/2018,41.68
02/23/2018,41.34
02/22/2018,41.05
02/21/2018,40.75
02/20/2018,41.05
02/16/2018,41.42
02/15/2018,41.34
02/14/2018,41.07
02/13/2018,40.34
02/12/2018,40.46
02/09/2018,39.91
02/08/2018,39.79
02/07/2018,41
02/06/2018,41.81
02/05/2018,40.66
02/02/2018,42.45
02/01/2018,43.56
01/31/2018,43.54
01/30/2018,43.47
01/29/2018,43.84
01/26/2018,44.21
01/25/2018,43.8
01/24/2018,43.97
01/23/2018,43.9
01/22/2018,43.79
01/19/2018,43.42
01/18/2018,43.09
01/17/2018,43.03
01/16/2018,42.87
01/12/2018,42.76
01/11/2018,42.17
01/10/2018,41.91
01/09/2018,42.06
01/08/2018,42.03
01/05/2018,42.2
01/04/2018,41.78
01/03/2018,41.05
01/02/2018,40.89
12/29/2017,40.71
12/28/2017,40.86
12/27/2017,40.94
12/26/2017,40.99
12/22/2017,40.95
12/21/2017,41.04
12/20/2017,40.94
12/19/2017,41.19
12/18/2017,41.25
12/15/2017,40.7
12/14/2017,40.69
12/13/2017,41.08
12/12/2017,41.1
12/11/2017,41.17
12/08/2017,41.2
12/07/2017,40.98
12/06/2017,40.83
12/05/2017,40.96
12/04/2017,41.15
12/01/2017,41.07
11/30/2017,41.39
11/29/2017,41.41
11/28/2017,41.54
11/27/2017,41.31
11/24/2017,41.57
11/22/2017,40.98
11/21/2017,40.94
11/20/2017,40.67
11/17/2017,40.75
11/16/2017,40.93
11/15/2017,40.69
11/14/2017,40.82
11/13/2017,40.65
11/10/2017,40.82
11/09/2017,40.92
11/08/2017,41.28
11/07/2017,41.25
11/06/2017,41.64
11/03/2017,41.66
11/02/2017,41.89
11/01/2017,41.77
10/31/2017,41.65
10/30/2017,41.44
10/27/2017,41.2
10/26/2017,41.28
10/25/2017,41.24
10/24/2017,41.29
10/23/2017,41.11
10/20/2017,41.29
10/19/2017,41.51
10/18/2017,41.5
10/17/2017,41.29
10/16/2017,41.38
10/13/2017,41.45
10/12/2017,41.48
10/11/2017,41.6
10/10/2017,41.48
10/09/2017,41.1
10/06/2017,41.16
10/05/2017,41.15
10/04/2017,41.05
10/03/2017,41.24
10/02/2017,41.13
09/29/2017,41.25
09/28/2017,40.8
09/27/2017,40.66
09/26/2017,40.54
09/25/2017,40.72
09/22/2017,41.1
09/21/2017,41.06
09/20/2017,40.99
09/19/2017,41.13
09/18/2017,40.97
09/15/2017,40.84
09/14/2017,40.93
09/13/2017,40.78
09/12/2017,40.96
09/11/2017,40.79
09/08/2017,40.37
09/07/2017,40.4
09/06/2017,40.05
09/05/2017,39.55
09/01/2017,39.88
08/31/2017,39.77
08/30/2017,39.54
08/29/2017,39.71
08/28/2017,39.9
08/25/2017,39.95
08/24/2017,39.62
08/23/2017,39.66
08/22/2017,39.68
08/21/2017,39.37
08/18/2017,39.45
08/17/2017,39.29
08/16/2017,39.83
08/15/2017,39.66
08/14/2017,39.62
08/11/2017,39.21
08/10/2017,39.21
08/09/2017,39.85
08/08/2017,40.1
08/07/2017,40.29
08/04/2017,40.3
08/03/2017,40.09
08/02/2017,39.98
08/01/2017,39.97
07/31/2017,39.72
07/28/2017,39.72
07/27/2017,39.61
07/26/2017,39.7
07/25/2017,39.42
07/24/2017,39.29
07/21/2017,39.33
07/20/2017,39.61
07/19/2017,39.34
07/18/2017,39.22
07/17/2017,39.29
07/14/2017,39.46
07/13/2017,39.24
07/12/2017,39.11
07/11/2017,38.83
07/10/2017,38.65
07/07/2017,38.56
07/06/2017,38.39
07/05/2017,38.54
07/03/2017,38.55
06/30/2017,38.47
06/29/2017,38.62
06/28/2017,39.28
06/27/2017,38.89
06/26/2017,38.79
06/23/2017,38.64
06/22/2017,38.54
06/21/2017,38.59
06/20/2017,38.57
06/19/2017,38.96
06/16/2017,38.74
06/15/2017,38.99
06/14/2017,39.55
06/13/2017,39.59
06/12/2017,39.29
06/09/2017,39.62
06/08/2017,39.65
06/07/2017,39.64
06/06/2017,39.62
06/05/2017,39.88
06/02/2017,40.18
06/01/2017,39.73
05/31/2017,39.54
05/30/2017,39.35
05/26/2017,39.46
05/25/2017,39.64
05/24/2017,39.73
05/23/2017,39.72
05/22/2017,39.7
05/19/2017,39.65
05/18/2017,39.09
05/17/2017,39.07
05/16/2017,39.79
05/15/2017,39.37
05/12/2017,39.1
05/11/2017,38.75
05/10/2017,38.94
05/09/2017,38.87
05/08/2017,39.08
05/05/2017,39.69
05/04/2017,39.06
05/03/2017,38.24
05/02/2017,38.3
05/01/2017,38.04
04/28/2017,37.83
04/27/2017,37.84
04/26/2017,37.91
04/25/2017,38.25
04/24/2017,37.96
04/21/2017,35.96
04/20/2017,35.91
04/19/2017,35.55
04/18/2017,35.59
04/17/2017,35.83
04/13/2017,35.62
04/12/2017,35.93
04/11/2017,35.95
04/10/2017,35.87
04/07/2017,36.1
04/06/2017,36.12
04/05/2017,35.98
04/04/2017,36.25
04/03/2017,36.22
03/31/2017,36.35
03/30/2017,36.19
03/29/2017,36.45
03/28/2017,36.54
03/27/2017,36.37
03/24/2017,36.15
03/23/2017,36.07
03/22/2017,35.99
03/21/2017,35.9
03/20/2017,35.89
03/17/2017,35.99
03/16/2017,36.09
03/15/2017,35.66
03/14/2017,35.16
03/13/2017,35.54
03/10/2017,35.53
03/09/2017,35.16
03/08/2017,34.69
03/07/2017,34.83
03/06/2017,34.96
03/03/2017,35.14
03/02/2017,34.6
03/01/2017,34.76
02/28/2017,34.19
02/27/2017,34.19
02/24/2017,34.08
02/23/2017,34.35
02/22/2017,34.34
02/21/2017,34.31
02/17/2017,34.25
02/16/2017,34.42
02/15/2017,34.28
02/14/2017,34.14
02/13/2017,34.04
02/10/2017,33.9
02/09/2017,33.98
02/08/2017,33.69
02/07/2017,33.71
02/06/2017,33.85
02/03/2017,34.34
02/02/2017,34.15
02/01/2017,34.12
01/31/2017,34.02
01/30/2017,34
01/27/2017,34.33
01/26/2017,34.39
01/25/2017,34.78
01/24/2017,34.35
01/23/2017,34.26
01/20/2017,34.28
01/19/2017,33.97
01/18/2017,34.1
01/17/2017,34.15
01/13/2017,34.23
01/12/2017,34.06
01/11/2017,34.03
01/10/2017,33.85
01/09/2017,33.95
01/06/2017,33.97
01/05/2017,34.1
01/04/2017,33.76
01/03/2017,33.53
12/30/2016,33.46
12/29/2016,33.21
12/28/2016,32.99
12/27/2016,33.22
12/23/2016,33.18
12/22/2016,33.07
12/21/2016,33.09
12/20/2016,33.01
12/19/2016,32.81
12/16/2016,32.91
12/15/2016,32.92
12/14/2016,32.88
12/13/2016,33.41
12/12/2016,33
12/09/2016,32.96
12/08/2016,32.95
12/07/2016,33.07
12/06/2016,32.52
12/05/2016,32
12/02/2016,31.29
12/01/2016,31.31
11/30/2016,31.38
11/29/2016,31.43
11/28/2016,31.08
11/25/2016,31.44
11/23/2016,31.22
11/22/2016,31.56
11/21/2016,31.46
11/18/2016,31.15
11/17/2016,31.55
11/16/2016,31.45
11/15/2016,31.93
11/14/2016,31.79
11/11/2016,32.03
11/10/2016,32.35
11/09/2016,32.47
11/08/2016,32.5
11/07/2016,32.34
11/04/2016,31.78
11/03/2016,32.05
11/02/2016,32.15
11/01/2016,32.39
10/31/2016,32.57
10/28/2016,32.65
10/27/2016,32.61
10/26/2016,32.56
10/25/2016,32.67
10/24/2016,32.69
10/21/2016,32.58
10/20/2016,32.68
10/19/2016,32.56
10/18/2016,32.5
10/17/2016,32.16
10/14/2016,32.21
10/13/2016,32.04
10/12/2016,32.24
10/11/2016,32.4
10/10/2016,32.8
10/07/2016,32.64
10/06/2016,32.86
10/05/2016,32.96
10/04/2016,32.7
10/03/2016,32.64
09/30/2016,32.76
09/29/2016,32.24
09/28/2016,32.82
09/27/2016,32.48
09/26/2016,32.5
09/23/2016,32.95
09/22/2016,33.14
09/21/2016,32.59
09/20/2016,32.11
09/19/2016,32.07
09/16/2016,31.82
09/15/2016,32.62
09/14/2016,32.42
09/13/2016,32.57
09/12/2016,33.32
09/09/2016,33.08
09/08/2016,33.81
09/07/2016,33.79
09/06/2016,33.71
09/02/2016,33.5
09/01/2016,33.03
08/31/2016,32.85
08/30/2016,32.88
08/29/2016,32.77
08/26/2016,32.67
08/25/2016,32.74
08/24/2016,32.9
08/23/2016,32.89
08/22/2016,32.71
08/19/2016,32.79
08/18/2016,33.1
08/17/2016,32.98
08/16/2016,33.08
08/15/2016,33.145
08/12/2016,33.06
08/11/2016,33.05
08/10/2016,32.82
08/09/2016,32.66
08/08/2016,32.2
08/05/2016,32.07
08/04/2016,31.8
08/03/2016,31.73
08/02/2016,31.8
08/01/2016,32.14
07/29/2016,32.565
07/28/2016,32.2
07/27/2016,32.18
07/26/2016,31.9
07/25/2016,31.74
07/22/2016,31.75
07/21/2016,31.71
07/20/2016,31.73
07/19/2016,31.45
07/18/2016,31.75
07/15/2016,31.86
07/14/2016,32.01
07/13/2016,31.62
07/12/2016,31.53
07/11/2016,30.91
07/08/2016,30.49
07/07/2016,29.88
07/06/2016,30.11
07/05/2016,30.2
07/01/2016,31.14
06/30/2016,31.17
06/29/2016,30.51
06/28/2016,29.95
06/27/2016,29.18
06/24/2016,29.86
06/23/2016,33.82
06/22/2016,32.66
06/21/2016,32.6
06/20/2016,32.2
06/17/2016,31.5
06/16/2016,31.99
06/15/2016,31.69
06/14/2016,31.44
06/13/2016,32.02
06/10/2016,32.6
06/09/2016,33.8
06/08/2016,34.3
06/07/2016,34.28
06/06/2016,33.99
06/03/2016,33.92
06/02/2016,33.87
06/01/2016,33.85
05/31/2016,33.89
05/27/2016,34.08
05/26/2016,34.12
05/25/2016,33.9
05/24/2016,33.4
05/23/2016,32.71
05/20/2016,32.89
05/19/2016,32.54
05/18/2016,32.77
05/17/2016,32.73
05/16/2016,33.16
05/13/2016,32.79
05/12/2016,33.14
05/11/2016,33.29
05/10/2016,33.59
05/09/2016,33.2
05/06/2016,33.23
05/05/2016,33.01
05/04/2016,33.2
05/03/2016,33.66
05/02/2016,34.38
04/29/2016,34.1
04/28/2016,34.38
04/27/2016,34.75
04/26/2016,34.51
04/25/2016,34.4
04/22/2016,34.54
04/21/2016,34.68
04/20/2016,34.71
04/19/2016,34.58
04/18/2016,33.91
04/15/2016,33.58
04/14/2016,33.57
04/13/2016,33.44
04/12/2016,32.82
04/11/2016,32.4
04/08/2016,32.33
04/07/2016,31.73
04/06/2016,32.44
04/05/2016,32.01
04/04/2016,32.8
04/01/2016,32.88
03/31/2016,33.23
03/30/2016,33.55
03/29/2016,33.2
03/28/2016,32.77
03/24/2016,32.7
03/23/2016,33.04
03/22/2016,33.4
03/21/2016,33.51
03/18/2016,33.62
03/17/2016,33.66
03/16/2016,33.68
03/15/2016,33.28
03/14/2016,33.48
03/11/2016,33.56
03/10/2016,32.44
03/09/2016,32.37
03/08/2016,32.23
03/07/2016,32.48
03/04/2016,32.55
03/03/2016,32.36
03/02/2016,32.07
03/01/2016,31.89
02/29/2016,30.94
02/26/2016,31.14
02/25/2016,31.16
02/24/2016,30.76
02/23/2016,31
02/22/2016,31.57
02/19/2016,31.18
02/18/2016,31.29
02/17/2016,31.56
02/16/2016,30.88
02/12/2016,30.32
02/11/2016,29.92
02/10/2016,30.38
02/09/2016,30.26
02/08/2016,30.56
02/05/2016,31.27
02/04/2016,31.8
02/03/2016,31.66
02/02/2016,31.23
02/01/2016,32.19
01/29/2016,32.33
01/28/2016,31.93
01/27/2016,31.95
01/26/2016,32.21
01/25/2016,31.515
01/22/2016,31.96
01/21/2016,31.17
01/20/2016,30.85
01/19/2016,31.52
01/15/2016,31.26
01/14/2016,32.33
01/13/2016,31.94
01/12/2016,32.62
01/11/2016,32.22
01/08/2016,32.04
01/07/2016,32.37
01/06/2016,32.83
01/05/2016,33.4
01/04/2016,33.7
12/31/2015,34.43
12/30/2015,34.9
12/29/2015,35.29
12/28/2015,34.96
12/24/2015,35.03
12/23/2015,35.12
12/22/2015,34.54
12/21/2015,34.33
12/18/2015,34.2
12/17/2015,34.87
12/16/2015,35.2
12/15/2015,34.57
12/14/2015,34.18
12/11/2015,34.24
12/10/2015,34.88
12/09/2015,34.98
12/08/2015,35.14
12/07/2015,35.7
12/04/2015,35.8
12/03/2015,35.38
12/02/2015,35.72
12/01/2015,36.22
11/30/2015,36.12
11/27/2015,36.09
11/25/2015,35.81
11/24/2015,35.58
11/23/2015,35.67
11/20/2015,35.89
11/19/2015,36.09
11/18/2015,35.98
11/17/2015,35.63
11/16/2015,35.51
11/13/2015,35.19
11/12/2015,35.56
11/11/2015,36.01
11/10/2015,35.91
11/09/2015,36.06
11/06/2015,36.54
11/05/2015,36.63
11/04/2015,36.53
11/03/2015,36.93
11/02/2015,37.05
10/30/2015,36.62
10/29/2015,36.57
10/28/2015,36.77
10/27/2015,36.57
10/26/2015,36.85
10/23/2015,36.96
10/22/2015,36.56
10/21/2015,36.08
10/20/2015,36.11
10/19/2015,36.24
10/16/2015,36.3
10/15/2015,36.24
10/14/2015,35.8
10/13/2015,35.65
10/12/2015,36.01
10/09/2015,36.1
10/08/2015,35.9
10/07/2015,35.72
10/06/2015,35.39
10/05/2015,35.1
10/02/2015,34.3
10/01/2015,33.74
09/30/2015,33.85
09/29/2015,33.32
09/28/2015,33.18
09/25/2015,33.77
09/24/2015,33.44
09/23/2015,33.59
09/22/2015,33.67
09/21/2015,34.77
09/18/2015,34.83
09/17/2015,36.24
09/16/2015,35.92
09/15/2015,35.47
09/14/2015,35.2
09/11/2015,35.53
09/10/2015,35.6
09/09/2015,35.27
09/08/2015,35.55
09/04/2015,34.54
09/03/2015,35.32
09/02/2015,35.34
09/01/2015,34.85
08/31/2015,35.77
08/28/2015,35.87
08/27/2015,36.21
08/26/2015,35.79
08/25/2015,35
08/24/2015,34.67
08/21/2015,35.66
08/20/2015,36.36
08/19/2015,37.31
08/18/2015,37.62
08/17/2015,37.96
08/14/2015,38.12
08/13/2015,38.22
08/12/2015,38.55
08/11/2015,38.96
08/10/2015,39.59
08/07/2015,39.03
08/06/2015,39.07
08/05/2015,38.99
08/04/2015,38.53
08/03/2015,38.76
07/31/2015,38.58
07/30/2015,38.3
07/29/2015,38.46
07/28/2015,38.43
07/27/2015,38.01
07/24/2015,38.38
07/23/2015,38.78
07/22/2015,38.8
07/21/2015,38.96
07/20/2015,39.03
07/17/2015,38.92
07/16/2015,39.09
07/15/2015,38.7
07/14/2015,38.83
07/13/2015,38.57
07/10/2015,38.63
07/09/2015,36.62
07/08/2015,35.77
07/07/2015,36.23
07/06/2015,36.14
07/02/2015,37.51
07/01/2015,37.66
06/30/2015,37.43
06/29/2015,37.67
06/26/2015,39.45
06/25/2015,39.29
06/24/2015,39.22
06/23/2015,39.55
06/22/2015,39.64
06/19/2015,38.17
06/18/2015,39.17
06/17/2015,38.46
06/16/2015,38.64
06/15/2015,38.72
06/12/2015,39.23
06/11/2015,39.79
06/10/2015,39.67
06/09/2015,38.57
06/08/2015,38.72
06/05/2015,38.8
06/04/2015,39.4
06/03/2015,39.99
06/02/2015,39.39
06/01/2015,38.99
05/29/2015,39.03
05/28/2015,39.77
05/27/2015,39.85
05/26/2015,39.23
05/22/2015,40.27
05/21/2015,40.71
05/20/2015,40.56
05/19/2015,40.44
05/18/2015,40.36
05/15/2015,40.6
05/14/2015,40.61
05/13/2015,39.76
05/12/2015,39.66
05/11/2015,39.82
05/08/2015,40.33
05/07/2015,39.4
05/06/2015,39.59
05/05/2015,39.06
05/04/2015,39.82
05/01/2015,39.99
04/30/2015,39.62
04/29/2015,39.52
04/28/2015,40.07
04/27/2015,40.08
04/24/2015,39.54
04/23/2015,39.36
04/22/2015,39.25
04/21/2015,39.16
04/20/2015,38.98
04/17/2015,38.85
04/16/2015,39.54
04/15/2015,39.68
04/14/2015,39.55
04/13/2015,39.4
04/10/2015,39.63
04/09/2015,39.53
04/08/2015,39.63
04/07/2015,39.74
04/06/2015,39.99
04/02/2015,39.57
04/01/2015,39.16
03/31/2015,38.82
03/30/2015,39.38
03/27/2015,39.24
03/26/2015,39.05
03/25/2015,39.39
03/24/2015,39.67
03/23/2015,39.47
03/20/2015,39.29
03/19/2015,38.19
03/18/2015,38.77
03/17/2015,38.16
03/16/2015,38.33
03/13/2015,37.67
03/12/2015,37.94
03/11/2015,37.65
03/10/2015,37.38
03/09/2015,38.34
03/06/2015,38.18
03/05/2015,38.99
03/04/2015,38.88
03/03/2015,38.96
03/02/2015,39.34
