Date,Price
11/07/1994,383.3
11/04/1994,384.7
11/03/1994,384.4
11/02/1994,385.5
11/01/1994,385.7
10/31/1994,384.9
10/28/1994,388.7
10/27/1994,390.2
10/26/1994,391
10/25/1994,391.2
10/24/1994,391.4
10/21/1994,392.8
10/20/1994,393.3
10/19/1994,392.3
10/18/1994,391.3
10/17/1994,392.1
10/14/1994,390
10/13/1994,388.6
10/12/1994,390.6
10/11/1994,390.2
10/10/1994,393.4
10/07/1994,393.8
10/06/1994,395.1
10/05/1994,395.2
10/04/1994,395.7
10/03/1994,398.2
09/30/1994,397.6
09/29/1994,398.7
09/28/1994,397.9
09/27/1994,401.4
09/26/1994,397.8
09/23/1994,399.6
09/22/1994,399
09/21/1994,397.8
09/20/1994,397.2
09/19/1994,393.6
09/16/1994,393.6
09/15/1994,391.9
09/14/1994,392.9
09/13/1994,394.5
09/12/1994,394.9
09/09/1994,395.8
09/08/1994,394.6
09/07/1994,394.4
09/06/1994,392.2
09/02/1994,391.4
09/01/1994,391.3
08/31/1994,390.8
08/30/1994,390.8
08/29/1994,391.8
08/26/1994,388
08/25/1994,388.1
08/24/1994,388.6
08/23/1994,386.5
08/22/1994,386.7
08/19/1994,386.9
08/18/1994,385.9
08/17/1994,382.3
08/16/1994,382.9
08/15/1994,382.4
08/12/1994,381.5
08/11/1994,384
08/10/1994,382.6
08/09/1994,383
08/08/1994,382.3
08/05/1994,382.9
08/04/1994,383.1
08/03/1994,383.1
08/02/1994,384.4
08/01/1994,389.4
07/29/1994,389.2
07/28/1994,391.2
07/27/1994,387.7
07/26/1994,387.1
07/25/1994,384.9
07/22/1994,385
07/21/1994,384.3
07/20/1994,385.6
07/19/1994,387.1
07/18/1994,386.2
07/15/1994,386.4
07/14/1994,384.4
07/13/1994,384
07/12/1994,386.3
07/11/1994,388.1
07/08/1994,385.1
07/07/1994,385.7
07/06/1994,384.6
07/05/1994,386.9
07/01/1994,388.1
06/30/1994,387.3
06/29/1994,386.3
06/28/1994,387.9
06/27/1994,386.4
06/24/1994,392.9
06/23/1994,391.5
06/22/1994,391.4
06/21/1994,396.3
06/20/1994,390.9
06/17/1994,393.7
06/16/1994,387.5
06/15/1994,389
06/14/1994,386.4
06/13/1994,385.6
06/10/1994,385.8
06/09/1994,385.3
06/08/1994,384.1
06/07/1994,383.5
06/06/1994,382.9
06/03/1994,383.2
06/02/1994,386.8
06/01/1994,386.3
05/31/1994,390
05/27/1994,384.7
05/26/1994,383.9
05/25/1994,386.8
05/24/1994,387.3
05/23/1994,389.9
05/20/1994,386.3
05/19/1994,381.8
05/18/1994,382.5
05/17/1994,382
05/16/1994,383.7
05/13/1994,381.5
05/12/1994,380.8
05/11/1994,382.7
05/10/1994,379.8
05/09/1994,382.3
05/06/1994,384.5
05/05/1994,374.7
05/04/1994,377.7
05/03/1994,376.8
05/02/1994,377.4
04/29/1994,377.8
04/28/1994,376.8
04/26/1994,375.3
04/25/1994,374.9
04/22/1994,372.1
04/21/1994,374.7
04/20/1994,373.9
04/19/1994,373.2
04/18/1994,378.5
04/15/1994,379.4
04/14/1994,380.3
04/13/1994,380
04/12/1994,380.4
04/11/1994,379.9
04/08/1994,386.3
04/07/1994,386.1
04/06/1994,387.1
04/05/1994,386.7
04/04/1994,388.7
03/31/1994,394.3
03/30/1994,388.6
03/29/1994,386
03/28/1994,388.1
03/25/1994,391.2
03/24/1994,391.9
03/23/1994,387.4
03/22/1994,389.7
03/21/1994,386.3
03/18/1994,387.6
03/17/1994,383
03/16/1994,385.6
03/15/1994,387.6
03/14/1994,387.2
03/11/1994,386.1
03/10/1994,388.2
03/09/1994,380.1
03/08/1994,377.7
03/07/1994,376.9
03/04/1994,378.6
03/03/1994,378.3
03/02/1994,378.9
03/01/1994,379.4
02/28/1994,382.5
02/25/1994,379.8
02/24/1994,377.6
02/23/1994,378.9
02/22/1994,379.2
02/18/1994,381.6
02/17/1994,384.3
02/16/1994,385.3
02/15/1994,385.5
02/14/1994,385.6
02/11/1994,381.7
02/10/1994,383.7
02/09/1994,385.7
02/08/1994,384.1
02/07/1994,380.7
02/04/1994,388.3
02/03/1994,389.1
02/02/1994,386.5
02/01/1994,386.1
01/31/1994,383.6
01/28/1994,379
01/27/1994,377.4
01/26/1994,384.6
01/25/1994,381.6
01/24/1994,381.4
01/21/1994,381.7
01/20/1994,387.9
01/19/1994,392.7
01/18/1994,393.6
01/17/1994,392.2
01/14/1994,390.1
01/13/1994,390.6
01/12/1994,386.9
01/11/1994,388.7
01/10/1994,385.7
01/07/1994,387.2
01/06/1994,390.1
01/05/1994,392.1
01/04/1994,395.1
01/03/1994,394.7
12/30/1993,391.9
12/29/1993,391.8
12/28/1993,388.5
12/27/1993,389.1
12/23/1993,387
12/22/1993,387.2
12/21/1993,389.3
12/20/1993,390.8
12/17/1993,388.9
12/16/1993,387.5
12/15/1993,389
12/14/1993,388.6
12/13/1993,388.6
12/10/1993,384.9
12/09/1993,384.4
12/08/1993,385.7
12/07/1993,379.3
12/06/1993,377.8
12/03/1993,378.6
12/02/1993,375.6
12/01/1993,376.6
11/30/1993,371.9
11/29/1993,371.5
11/24/1993,377.2
11/23/1993,377.3
11/22/1993,378.5
11/19/1993,378.3
11/18/1993,376.7
11/17/1993,377.2
11/16/1993,374.6
11/15/1993,375.7
11/12/1993,373.6
11/11/1993,376.4
11/10/1993,377.4
11/09/1993,376.6
11/08/1993,375.5
11/05/1993,377.8
11/04/1993,372.4
11/03/1993,368
11/02/1993,363.6
11/01/1993,362.1
10/29/1993,369.6
10/28/1993,370.2
10/27/1993,370.7
10/26/1993,370.3
10/25/1993,370.5
10/22/1993,371.3
10/21/1993,372.8
10/20/1993,373.8
10/19/1993,370.3
10/18/1993,369.6
10/15/1993,366.2
10/14/1993,366.6
10/13/1993,367.6
10/12/1993,369.2
10/11/1993,361.7
10/08/1993,361.5
10/07/1993,358.5
10/06/1993,358.2
10/05/1993,354.8
10/04/1993,354.6
10/01/1993,356.9
09/30/1993,357.1
09/29/1993,354.7
09/28/1993,357.3
09/27/1993,355.7
09/24/1993,359.4
09/23/1993,360
09/22/1993,356
09/21/1993,365
09/20/1993,355.5
09/17/1993,352.8
09/16/1993,354.7
09/15/1993,349.6
09/14/1993,346.9
09/13/1993,344.8
09/10/1993,352.4
09/09/1993,356.5
09/08/1993,353.6
09/07/1993,352.5
09/03/1993,367.1
09/02/1993,366.3
09/01/1993,372.6
08/31/1993,375.7
08/30/1993,373.3
08/27/1993,372.1
08/26/1993,370.8
08/25/1993,375.5
08/24/1993,374.9
08/23/1993,375.5
08/20/1993,376.4
08/19/1993,374.4
08/18/1993,377.5
08/17/1993,374.9
08/16/1993,376.4
08/13/1993,372.6
08/12/1993,370.7
08/11/1993,378.7
08/10/1993,384.4
08/09/1993,386.8
08/06/1993,379.9
08/05/1993,380.7
08/04/1993,403.3
08/03/1993,407.6
08/02/1993,410.2
07/30/1993,411.3
07/29/1993,402.2
07/28/1993,393.4
07/27/1993,391.2
07/26/1993,393.1
07/23/1993,390
07/22/1993,391.3
07/21/1993,389.5
07/20/1993,392.2
07/19/1993,392.4
07/16/1993,392.9
07/15/1993,393.9
07/14/1993,391.4
07/13/1993,394.5
07/12/1993,394.9
07/09/1993,392.3
07/08/1993,395.6
07/07/1993,397.8
07/06/1993,393.1
07/02/1993,386.7
07/01/1993,388.2
06/30/1993,379.2
06/29/1993,379.5
06/28/1993,376.1
06/25/1993,378.1
06/24/1993,376.1
06/23/1993,375.5
06/22/1993,369.7
06/21/1993,371.1
06/18/1993,372.5
06/17/1993,372.2
06/16/1993,371.5
06/15/1993,370.8
06/14/1993,366.6
06/11/1993,367.5
06/10/1993,371
06/09/1993,373
06/08/1993,375.6
06/07/1993,375.7
06/04/1993,378.5
06/03/1993,376.2
06/02/1993,370.8
06/01/1993,371.3
05/28/1993,380.3
05/27/1993,381.4
05/26/1993,375.3
05/25/1993,378.7
05/24/1993,374.2
05/21/1993,377.9
05/20/1993,374.7
05/19/1993,374.2
05/18/1993,376
05/17/1993,368
05/14/1993,368.3
05/13/1993,369.3
05/12/1993,361.8
05/11/1993,357.3
05/10/1993,357.2
05/07/1993,357.4
05/06/1993,358.3
05/05/1993,355.5
05/04/1993,355.7
05/03/1993,355.3
04/30/1993,357.2
04/29/1993,357.4
04/28/1993,354.4
04/27/1993,352.1
04/26/1993,353.8
04/23/1993,347.5
04/22/1993,341.2
04/21/1993,340.7
04/20/1993,341.1
04/19/1993,341.5
04/16/1993,340.2
04/15/1993,338.3
04/14/1993,340.8
04/13/1993,338.8
04/12/1993,338.2
04/08/1993,338.9
04/07/1993,339.7
04/06/1993,339.3
04/05/1993,341
04/02/1993,342.3
04/01/1993,340.2
03/31/1993,339.3
03/30/1993,338.8
03/29/1993,332.2
03/26/1993,332.5
03/25/1993,332.8
03/24/1993,332.7
03/23/1993,332.3
03/22/1993,333.3
03/19/1993,332.3
03/18/1993,331.2
03/17/1993,329.7
03/16/1993,329.6
03/15/1993,329.8
03/12/1993,328.5
03/11/1993,327.6
03/10/1993,326.9
03/09/1993,327.2
03/08/1993,327.7
03/05/1993,330.4
03/04/1993,329.6
03/03/1993,329.7
03/02/1993,330.5
03/01/1993,329.3
02/26/1993,329.1
02/25/1993,330.6
02/24/1993,330.4
02/23/1993,331.6
02/22/1993,328.8
02/19/1993,331
02/18/1993,331.5
02/17/1993,331.5
02/16/1993,333.4
02/12/1993,330
02/11/1993,332.7
02/10/1993,333.7
02/09/1993,329.6
02/08/1993,329.1
02/05/1993,328.9
02/04/1993,329.2
02/03/1993,329.5
02/02/1993,330.6
02/01/1993,330.7
01/29/1993,330.7
01/28/1993,331.1
01/27/1993,329.9
01/26/1993,331.1
01/25/1993,328.8
01/22/1993,328.6
01/21/1993,329.3
01/20/1993,329.8
01/19/1993,328.6
01/18/1993,328
01/15/1993,327
01/14/1993,327.3
01/13/1993,327.6
01/12/1993,328.8
01/11/1993,327.8
01/08/1993,329.5
01/07/1993,329
01/06/1993,330.1
01/05/1993,329
01/04/1993,328.4
12/31/1992,333.1
12/30/1992,333.3
12/29/1992,332.8
12/28/1992,333.4
12/24/1992,333.4
12/23/1992,333.4
12/22/1992,332.8
12/21/1992,334.6
12/18/1992,337.7
12/17/1992,339.2
12/16/1992,338.7
12/15/1992,335.3
12/14/1992,335.4
12/11/1992,336
12/10/1992,335
12/09/1992,334.5
12/08/1992,336.3
12/07/1992,337
12/04/1992,336.6
12/03/1992,336.4
12/02/1992,336.9
12/01/1992,336.1
11/30/1992,335.5
11/27/1992,335.5
11/25/1992,333.5
11/24/1992,334.3
11/23/1992,334.4
11/20/1992,335.3
11/19/1992,335.4
11/18/1992,335.2
11/17/1992,334.4
11/16/1992,334
11/13/1992,335.4
11/12/1992,333.5
11/11/1992,332.1
11/10/1992,330.1
11/09/1992,333.1
11/06/1992,336.2
11/05/1992,336.8
11/04/1992,337.7
11/03/1992,338.2
11/02/1992,340.6
10/30/1992,340.1
10/29/1992,340.2
10/28/1992,340.1
10/27/1992,338
10/26/1992,341.7
10/23/1992,344.2
10/22/1992,343.7
10/21/1992,344.8
10/20/1992,344.6
10/19/1992,343.4
10/16/1992,343.2
10/15/1992,341.9
10/14/1992,343.7
10/13/1992,344.9
10/12/1992,346.1
10/09/1992,351.4
10/08/1992,351
10/07/1992,352.2
10/06/1992,351.4
10/05/1992,352
10/02/1992,349.6
10/01/1992,349.1
09/30/1992,349.4
09/29/1992,349.9
09/28/1992,349.4
09/25/1992,351.1
09/24/1992,351
09/23/1992,350.4
09/22/1992,350.7
09/21/1992,349.4
09/18/1992,353
09/17/1992,349.8
09/16/1992,351.7
09/15/1992,348.4
09/14/1992,348.8
09/11/1992,342.9
09/10/1992,344.2
09/09/1992,344.2
09/08/1992,344.6
09/04/1992,343.8
09/03/1992,343.4
09/02/1992,341.1
09/01/1992,343.4
08/31/1992,345.3
08/28/1992,342.4
08/27/1992,341.7
08/26/1992,340.9
08/25/1992,343.3
08/24/1992,344.3
08/21/1992,340
08/20/1992,340.2
08/19/1992,340.8
08/18/1992,338.7
08/17/1992,339.9
08/14/1992,337.8
08/13/1992,337.2
08/12/1992,342
08/11/1992,350.9
08/10/1992,354
08/07/1992,353.9
08/06/1992,352.7
08/05/1992,352.9
08/04/1992,356.5
08/03/1992,356.5
07/31/1992,361.4
07/30/1992,360.6
07/29/1992,356.5
07/28/1992,359
07/27/1992,358.1
07/24/1992,359.5
07/23/1992,358.9
07/22/1992,359.3
07/21/1992,358.1
07/20/1992,359.6
07/17/1992,358
07/16/1992,353.2
07/15/1992,354.7
07/14/1992,351.8
07/13/1992,349.8
07/10/1992,349
07/09/1992,349.4
07/08/1992,348.4
07/07/1992,347.1
07/06/1992,347.5
07/02/1992,347.6
07/01/1992,345.6
06/30/1992,344.4
06/29/1992,345.1
06/26/1992,343.9
06/25/1992,344.6
06/24/1992,344.3
06/23/1992,346
06/22/1992,345.2
06/19/1992,342.4
06/18/1992,344.2
06/17/1992,342.9
06/16/1992,344
06/15/1992,344.9
06/12/1992,344.7
06/11/1992,342.3
06/10/1992,339.8
06/09/1992,340.2
06/08/1992,340.1
06/05/1992,340.7
06/04/1992,340.6
06/03/1992,340.6
06/02/1992,341.2
06/01/1992,339.6
05/29/1992,338.4
05/28/1992,339
05/27/1992,338.2
05/26/1992,338.4
05/22/1992,338.1
05/21/1992,337.4
05/20/1992,338.4
05/19/1992,338.2
05/18/1992,339.3
05/15/1992,339.1
05/14/1992,338.4
05/13/1992,336.1
05/12/1992,335.8
05/11/1992,337
05/08/1992,336.3
05/07/1992,335.9
05/06/1992,337.5
05/05/1992,337.8
05/04/1992,337.6
05/01/1992,339.3
04/30/1992,337.9
04/29/1992,336.4
04/28/1992,337.2
04/27/1992,337.1
04/24/1992,337.5
04/23/1992,339.3
04/22/1992,339.8
04/21/1992,341.7
04/20/1992,337.7
04/16/1992,338.3
04/15/1992,337
04/14/1992,340.8
04/13/1992,340.6
04/10/1992,342.5
04/09/1992,340.9
04/08/1992,339.3
04/07/1992,340.1
04/06/1992,341.8
04/03/1992,342.7
04/02/1992,342.4
04/01/1992,344.6
03/31/1992,345.5
03/30/1992,343.8
03/27/1992,342.5
03/26/1992,341.1
03/25/1992,341.3
03/24/1992,339.8
03/23/1992,338.5
03/20/1992,338.5
03/19/1992,339.1
03/18/1992,338.8
03/17/1992,340.6
03/16/1992,343.9
03/13/1992,347.3
03/12/1992,348
03/11/1992,351.4
03/10/1992,349.8
03/09/1992,349.7
03/06/1992,350.3
03/05/1992,352.3
03/04/1992,351.6
03/03/1992,351.4
03/02/1992,352.5
02/28/1992,354.1
02/27/1992,355
02/26/1992,350.8
02/25/1992,350.6
02/24/1992,351.1
02/21/1992,352.5
02/20/1992,354.7
02/19/1992,354.5
02/18/1992,354.7
02/14/1992,355.1
02/13/1992,357.3
02/12/1992,359.6
02/11/1992,357.8
02/10/1992,357.4
02/07/1992,356.5
02/06/1992,357.4
02/05/1992,357.3
02/04/1992,357.9
02/03/1992,358.4
01/31/1992,358.9
01/30/1992,355.6
01/29/1992,356.1
01/28/1992,355.9
01/27/1992,355
01/24/1992,354.7
01/23/1992,354.9
01/22/1992,358.3
01/21/1992,358.4
01/20/1992,358.2
01/17/1992,354.5
01/16/1992,357
01/15/1992,354.7
01/14/1992,355.2
01/13/1992,354.5
01/10/1992,356.9
01/09/1992,357.5
01/08/1992,351.5
01/07/1992,350.5
01/06/1992,350.3
01/03/1992,351.5
01/02/1992,353.2
12/31/1991,353.9
12/30/1991,353.9
12/27/1991,355
12/26/1991,355.9
12/24/1991,360.7
12/23/1991,361
12/20/1991,360.3
12/19/1991,359.1
12/18/1991,360.8
12/17/1991,359.1
12/16/1991,360.9
12/13/1991,361.3
12/12/1991,359.9
12/11/1991,368.6
12/10/1991,371.1
12/09/1991,371.6
12/06/1991,371.9
12/05/1991,370
12/04/1991,367.9
12/03/1991,366.4
12/02/1991,369.9
11/29/1991,371.1
11/27/1991,367.9
11/26/1991,366.3
11/25/1991,368.3
11/22/1991,369.6
11/21/1991,368.6
11/20/1991,364.7
11/19/1991,364.4
11/18/1991,361.5
11/15/1991,360.1
11/14/1991,355.7
11/13/1991,357.3
11/12/1991,356.7
11/11/1991,356.2
11/08/1991,355.2
11/07/1991,354.7
11/06/1991,355.8
11/05/1991,355.4
11/04/1991,358.1
11/01/1991,356.9
10/31/1991,359.5
10/30/1991,360.5
10/29/1991,361.1
10/28/1991,360.8
10/25/1991,362.7
10/24/1991,364
10/23/1991,364.3
10/22/1991,366
10/21/1991,365.9
10/18/1991,364.4
10/17/1991,362.3
10/16/1991,360.5
10/15/1991,360.1
10/14/1991,361.3
10/11/1991,362.4
10/10/1991,361.3
10/09/1991,362.1
10/08/1991,360.2
10/07/1991,362
10/04/1991,361.7
10/03/1991,360.6
10/02/1991,358.6
10/01/1991,357.3
09/30/1991,357.3
09/27/1991,352.4
09/26/1991,354.1
09/25/1991,356.3
09/24/1991,357.2
09/23/1991,354.3
09/20/1991,352.1
09/19/1991,352
09/18/1991,352.3
09/17/1991,350.4
09/16/1991,348.3
09/13/1991,348.2
09/12/1991,348.2
09/11/1991,349.4
09/10/1991,354
09/09/1991,355.2
09/06/1991,353.4
09/05/1991,351.4
09/04/1991,353
09/03/1991,352.9
08/30/1991,352.9
08/29/1991,355.7
08/28/1991,358.9
08/27/1991,359.5
08/26/1991,360.3
08/23/1991,358.6
08/22/1991,359.4
08/21/1991,362.1
08/20/1991,361.3
08/19/1991,364.1
08/16/1991,363.5
08/15/1991,362.7
08/14/1991,363.6
08/13/1991,362.2
08/12/1991,363.5
08/09/1991,364.4
08/08/1991,363.3
08/07/1991,362.8
08/06/1991,363.1
08/05/1991,362.7
08/02/1991,362.3
08/01/1991,370.3
07/31/1991,370.8
07/30/1991,369.8
07/29/1991,363.4
07/26/1991,366.3
07/25/1991,364.7
07/24/1991,364.7
07/23/1991,368.5
07/22/1991,368.1
07/19/1991,371.2
07/18/1991,370.9
07/17/1991,370.5
07/16/1991,369.8
07/15/1991,370.1
07/12/1991,369.6
07/11/1991,368.9
07/10/1991,371.2
07/09/1991,370.6
07/08/1991,372.1
07/03/1991,371.6
07/02/1991,369.4
07/01/1991,369.9
06/28/1991,370
06/27/1991,367.9
06/26/1991,367.9
06/25/1991,366.7
06/24/1991,365.2
06/21/1991,368.1
06/20/1991,370.4
06/19/1991,371.1
06/18/1991,370.9
06/17/1991,370.8
06/14/1991,369.8
06/13/1991,372.9
06/12/1991,373.1
06/11/1991,373.9
06/10/1991,376.6
06/07/1991,369.5
06/06/1991,368.1
06/05/1991,365.7
06/04/1991,365.8
06/03/1991,366.4
05/31/1991,364.8
05/30/1991,366.5
05/29/1991,361.2
05/28/1991,363.7
05/24/1991,356.8
05/23/1991,355.5
05/22/1991,356.8
05/21/1991,357.9
05/20/1991,358.1
05/17/1991,356
05/16/1991,357.1
05/15/1991,360.9
05/14/1991,361.2
05/13/1991,359.8
05/10/1991,358.3
05/09/1991,359.3
05/08/1991,358.5
05/07/1991,358.1
05/06/1991,356.9
05/03/1991,355.5
05/02/1991,356.7
05/01/1991,357.7
04/30/1991,357.7
04/29/1991,354.1
04/26/1991,355.5
04/25/1991,355.8
04/24/1991,358.1
04/23/1991,358.9
04/22/1991,359.7
04/19/1991,359
04/18/1991,360.2
04/17/1991,363.7
04/16/1991,363.1
04/15/1991,363.2
04/12/1991,362.7
04/11/1991,364.8
04/10/1991,366.3
04/09/1991,367.2
04/08/1991,364
04/05/1991,362.1
04/04/1991,361.7
04/03/1991,362.2
04/02/1991,360.5
04/01/1991,362.4
03/28/1991,359.4
03/27/1991,356.3
03/26/1991,357.6
03/25/1991,359.4
03/22/1991,363.5
03/21/1991,363.5
03/20/1991,363.6
03/19/1991,364.5
03/18/1991,363.7
03/15/1991,365.8
03/14/1991,366.3
03/13/1991,368.1
03/12/1991,366.1
03/11/1991,366.2
03/08/1991,371.2
03/07/1991,368.5
03/06/1991,367.5
03/05/1991,366.3
03/04/1991,369.5
03/01/1991,368.6
02/28/1991,369
02/27/1991,363.3
02/26/1991,360.2
02/25/1991,360.8
02/22/1991,358.3
02/21/1991,364.1
02/20/1991,366.1
02/19/1991,366.1
02/15/1991,366.1
02/14/1991,370.2
02/13/1991,369.5
02/12/1991,370.3
02/11/1991,369.1
02/08/1991,372.4
02/07/1991,370
02/06/1991,365.2
02/05/1991,368.9
02/04/1991,371.6
02/01/1991,368.7
01/31/1991,368.5
01/30/1991,371.5
01/29/1991,376.4
01/28/1991,377.1
01/25/1991,376.1
01/24/1991,373.5
01/23/1991,378.9
01/22/1991,380.1
01/21/1991,379.5
01/18/1991,375.1
01/17/1991,374.4
01/16/1991,404.5
01/15/1991,400.2
01/14/1991,401.6
01/11/1991,393.3
01/10/1991,392.1
01/09/1991,393
01/08/1991,392.3
01/07/1991,396.2
01/04/1991,387.2
01/03/1991,388.9
01/02/1991,391.1
12/31/1990,396.2
12/28/1990,396.2
12/27/1990,387.6
12/26/1990,387.4
12/24/1990,384.3
12/21/1990,384.3
12/20/1990,386.7
12/19/1990,388
12/18/1990,378.4
12/17/1990,379.3
12/14/1990,378.6
12/13/1990,376.1
12/12/1990,374.5
12/11/1990,373.6
12/10/1990,375.9
12/07/1990,372.1
12/06/1990,373.2
12/05/1990,375.8
12/04/1990,380.5
12/03/1990,378.5
11/30/1990,385.7
11/29/1990,391.7
11/28/1990,385.7
11/27/1990,385.8
11/26/1990,386.7
11/23/1990,384.5
11/21/1990,379.8
11/20/1990,378.5
11/19/1990,382.3
11/16/1990,379.8
11/15/1990,380
11/14/1990,378.5
11/13/1990,387
11/12/1990,383.3
11/09/1990,386.3
11/08/1990,388.9
11/07/1990,387.9
11/06/1990,388.1
11/05/1990,381.1
11/02/1990,378
11/01/1990,383.1
10/31/1990,381.3
10/30/1990,381.7
10/29/1990,375.8
10/26/1990,373.2
10/25/1990,378.3
10/24/1990,376
10/23/1990,373.9
10/22/1990,372.4
10/19/1990,375.7
10/18/1990,373
10/17/1990,369.8
10/16/1990,365.1
10/15/1990,378.5
10/12/1990,391.3
10/11/1990,393.6
10/10/1990,392.2
10/09/1990,394
10/08/1990,399.3
10/05/1990,398.1
10/04/1990,396.9
10/03/1990,398.5
10/02/1990,393.9
10/01/1990,391.6
09/28/1990,408.1
09/27/1990,410.8
09/26/1990,412.8
09/25/1990,407.6
09/24/1990,408.3
09/21/1990,394.5
09/20/1990,394.2
09/19/1990,391.4
09/18/1990,393.3
09/17/1990,395.2
09/14/1990,391
09/13/1990,388.8
09/12/1990,388.1
09/11/1990,386.6
09/10/1990,384.8
09/07/1990,396
09/06/1990,396.2
09/05/1990,393
09/04/1990,390.5
08/31/1990,389.2
08/30/1990,393.7
08/29/1990,392.7
08/28/1990,392.8
08/27/1990,396.2
08/24/1990,423.2
08/23/1990,420.3
08/22/1990,419.3
08/21/1990,416
08/20/1990,418.8
08/17/1990,418.3
08/16/1990,417.9
08/15/1990,411.3
08/14/1990,414
08/13/1990,414
08/10/1990,405.9
08/09/1990,394.8
08/08/1990,392.2
08/07/1990,393.7
08/06/1990,393.8
08/03/1990,386.4
08/02/1990,385.9
08/01/1990,382.4
07/31/1990,379.2
07/30/1990,376.8
07/27/1990,368
07/26/1990,369.6
07/25/1990,372.4
07/24/1990,368.4
07/23/1990,369.7
07/20/1990,362
07/19/1990,362.1
07/18/1990,362.5
07/17/1990,363
07/16/1990,364.5
07/13/1990,365.7
07/12/1990,359.5
07/11/1990,355.6
07/10/1990,357.1
07/09/1990,359.9
07/06/1990,362.9
07/05/1990,363.3
07/03/1990,364.1
07/02/1990,360.8
06/29/1990,359.9
06/28/1990,354.1
06/27/1990,353.2
06/26/1990,352.9
06/25/1990,356.2
06/22/1990,352.8
06/21/1990,353.1
06/20/1990,353.1
06/19/1990,351.8
06/18/1990,352
06/15/1990,352.3
06/14/1990,349.8
06/13/1990,355.1
06/12/1990,359.1
06/11/1990,359.7
06/08/1990,359.2
06/07/1990,358.1
06/06/1990,361
06/05/1990,363.6
06/04/1990,362.4
06/01/1990,363.5
05/31/1990,368.6
05/30/1990,368.9
05/29/1990,367.4
05/25/1990,368.4
05/24/1990,366.9
05/23/1990,364.6
05/22/1990,376.4
05/21/1990,374.1
05/18/1990,375.6
05/17/1990,370.6
05/16/1990,370.3
05/15/1990,372.3
05/14/1990,369.9
05/11/1990,370.5
05/10/1990,371.9
05/09/1990,373.7
05/08/1990,372
05/07/1990,374
05/04/1990,373.1
05/03/1990,373.7
05/02/1990,372
05/01/1990,372.7
04/30/1990,371.4
04/27/1990,374
04/26/1990,373.3
04/25/1990,373.6
04/24/1990,379
04/23/1990,382.1
04/20/1990,379.9
04/19/1990,380.7
04/18/1990,379.7
04/17/1990,378.8
04/16/1990,378.9
04/12/1990,379.7
04/11/1990,378.4
04/10/1990,379.3
04/09/1990,380.4
04/06/1990,385.2
04/05/1990,379.3
04/04/1990,381.8
04/03/1990,380.1
04/02/1990,374.5
03/30/1990,375
03/29/1990,376
03/28/1990,369.1
03/27/1990,369.1
03/26/1990,366.2
03/23/1990,389.4
03/22/1990,394.7
03/21/1990,392.5
03/20/1990,393.3
03/19/1990,401.9
03/16/1990,400.9
03/15/1990,399.6
03/14/1990,399.5
03/13/1990,400.7
03/12/1990,401.1
03/09/1990,401.6
03/08/1990,401.9
03/07/1990,402.3
03/06/1990,406.1
03/05/1990,406.6
03/02/1990,405.6
03/01/1990,409
02/28/1990,408.9
02/27/1990,411
02/26/1990,411.8
02/23/1990,418.2
02/22/1990,419
02/21/1990,421.6
02/20/1990,423.6
02/16/1990,420.8
02/15/1990,416.2
02/14/1990,420.7
02/13/1990,422
02/12/1990,423.6
02/09/1990,420.6
02/08/1990,423.5
02/07/1990,423.1
02/06/1990,426.4
02/05/1990,427.5
02/02/1990,423.4
02/01/1990,423.3
01/31/1990,417.8
01/30/1990,423.9
01/29/1990,419.2
01/26/1990,420.3
01/25/1990,416.3
01/24/1990,417.7
01/23/1990,413.7
01/22/1990,408
01/19/1990,410.9
01/18/1990,411.2
01/17/1990,413.7
01/16/1990,412.2
01/15/1990,415.1
01/12/1990,414.7
01/11/1990,415.6
01/10/1990,414.2
01/09/1990,406.2
01/08/1990,405
01/05/1990,408.5
01/04/1990,400.8
01/03/1990,396.4
01/02/1990,402.1
12/29/1989,405.2
12/28/1989,401.4
12/27/1989,403.8
12/26/1989,410.1
12/22/1989,416.7
12/21/1989,415.5
12/20/1989,417.5
12/19/1989,416.1
12/18/1989,416.1
12/15/1989,418.3
12/14/1989,412.8
12/13/1989,412.9
12/12/1989,422.8
12/11/1989,421.8
12/08/1989,416.8
12/07/1989,415
12/06/1989,410.1
12/05/1989,408.9
12/04/1989,406.6
12/01/1989,419.3
11/30/1989,417.5
11/29/1989,415.5
11/28/1989,413.5
11/27/1989,414.1
11/24/1989,419.3
11/22/1989,411.6
11/21/1989,404.4
11/20/1989,399.3
11/17/1989,395.8
11/16/1989,392.7
11/15/1989,392.8
11/14/1989,394.9
11/13/1989,392.7
11/10/1989,388.6
11/09/1989,389
11/08/1989,390.8
11/07/1989,388.4
11/06/1989,383.8
11/03/1989,381
11/02/1989,382.9
11/01/1989,376.9
10/31/1989,377.6
10/30/1989,380.8
10/27/1989,381.2
10/26/1989,375.4
10/25/1989,372.3
10/24/1989,373.4
10/23/1989,370.2
10/20/1989,370.6
10/19/1989,370.6
10/18/1989,372.4
10/17/1989,371.2
10/16/1989,371.2
10/13/1989,367.3
10/12/1989,367.4
10/11/1989,366.1
10/10/1989,365.2
10/09/1989,367.4
10/06/1989,368.2
10/05/1989,367.9
10/04/1989,371.5
10/03/1989,371.4
10/02/1989,372.1
09/29/1989,372
09/28/1989,372.8
09/27/1989,372.3
09/26/1989,373.1
09/25/1989,374.6
09/22/1989,370.7
09/21/1989,370.3
09/20/1989,370.1
09/19/1989,366.2
09/18/1989,366.5
09/15/1989,368.9
09/14/1989,365.5
09/13/1989,365
09/12/1989,364.8
09/11/1989,364.6
09/08/1989,365
09/07/1989,366
09/06/1989,367.4
09/05/1989,365.1
09/01/1989,366.1
08/31/1989,365.4
08/30/1989,367.6
08/29/1989,369.3
08/28/1989,366
08/25/1989,366.7
08/24/1989,370.6
08/23/1989,371.9
08/22/1989,374.5
08/21/1989,374.5
08/18/1989,373.9
08/17/1989,374.6
08/16/1989,374.7
08/15/1989,377.5
08/14/1989,373.2
08/11/1989,371.4
08/10/1989,374.2
08/09/1989,373.9
08/08/1989,373.6
08/07/1989,373.4
08/04/1989,375.4
08/03/1989,381.4
08/02/1989,377.8
08/01/1989,378.8
07/31/1989,378.7
07/28/1989,375.4
07/27/1989,373.7
07/26/1989,375
07/25/1989,374.1
07/24/1989,373.9
07/21/1989,373
07/20/1989,372.2
07/19/1989,369.3
07/18/1989,373.8
07/17/1989,372.2
07/14/1989,372.2
07/13/1989,378.5
07/12/1989,380.4
07/11/1989,383.3
07/10/1989,386.6
07/07/1989,385.7
07/06/1989,388.6
07/05/1989,388.4
07/03/1989,381.1
06/30/1989,377.3
06/29/1989,373.9
06/28/1989,379.2
06/27/1989,379.8
06/26/1989,378.3
06/23/1989,381.8
06/22/1989,374.2
06/21/1989,375.7
06/20/1989,369.6
06/19/1989,370.6
06/16/1989,368.8
06/15/1989,370.7
06/14/1989,367.5
06/13/1989,366.8
06/12/1989,365.8
06/09/1989,362
06/08/1989,378.1
06/07/1989,380.8
06/06/1989,383.2
06/05/1989,370.8
06/02/1989,371.9
06/01/1989,367.3
05/31/1989,366.5
05/30/1989,369.7
05/26/1989,365.9
05/25/1989,367.2
05/24/1989,364.7
05/23/1989,364.3
05/22/1989,363.7
05/19/1989,366.6
05/18/1989,370.3
05/17/1989,373.9
05/16/1989,376.2
05/15/1989,376.5
05/12/1989,378.9
05/11/1989,382.1
05/10/1989,379
05/09/1989,380.3
05/08/1989,378.4
05/05/1989,379.3
05/04/1989,379.6
05/03/1989,380.4
05/02/1989,380.1
05/01/1989,380.7
04/28/1989,380.5
04/27/1989,386.1
04/26/1989,388.2
04/25/1989,388.8
04/24/1989,391
04/21/1989,388.2
04/20/1989,389.3
04/19/1989,387.1
04/18/1989,387.4
04/17/1989,390.1
04/14/1989,389.8
04/13/1989,394.2
04/12/1989,392.1
04/11/1989,389.9
04/10/1989,390.3
04/07/1989,388
04/06/1989,388.7
04/05/1989,388.6
04/04/1989,390.9
04/03/1989,391.1
03/31/1989,390
03/30/1989,386.2
03/29/1989,383.5
03/28/1989,383.5
03/27/1989,391.6
03/23/1989,393.4
03/22/1989,395.1
03/21/1989,395.6
03/20/1989,397.4
03/17/1989,395
03/16/1989,391.3
03/15/1989,393.8
03/14/1989,398.1
03/13/1989,396.4
03/10/1989,396.5
03/09/1989,397.3
03/08/1989,395.4
03/07/1989,395.7
03/06/1989,390.5
03/03/1989,389.3
03/02/1989,386.6
03/01/1989,387.1
02/28/1989,390.4
02/27/1989,389.8
02/24/1989,392.6
02/23/1989,394
02/22/1989,390.2
02/21/1989,389.4
02/17/1989,384.3
02/16/1989,387.1
02/15/1989,388.2
02/14/1989,389
02/13/1989,389.7
02/10/1989,391.7
02/09/1989,398
02/08/1989,399.1
02/07/1989,395.5
02/06/1989,396.9
02/03/1989,396.3
02/02/1989,395.9
02/01/1989,397.2
01/31/1989,395.8
01/30/1989,399.6
01/27/1989,396.1
01/26/1989,403.2
01/25/1989,406.4
01/24/1989,406.3
01/23/1989,408.5
01/20/1989,409.3
01/19/1989,404.5
01/18/1989,403.3
01/17/1989,404
01/16/1989,403.3
01/13/1989,403.5
01/12/1989,405.8
01/11/1989,405.2
01/10/1989,405.6
01/09/1989,406.7
01/06/1989,408.1
01/05/1989,410.1
01/04/1989,411
01/03/1989,413.4
12/30/1988,412.3
12/29/1988,410.5
12/28/1988,416.6
12/27/1988,420.9
12/23/1988,421.6
12/22/1988,421.3
12/21/1988,418.8
12/20/1988,417.5
12/19/1988,418
12/16/1988,417.6
12/15/1988,416.6
12/14/1988,425.7
12/13/1988,424.1
12/12/1988,424.6
12/09/1988,427.6
12/08/1988,426.7
12/07/1988,427.7
12/06/1988,432.6
12/05/1988,434.2
12/02/1988,436.7
12/01/1988,428.6
11/30/1988,429.6
11/29/1988,427.1
11/28/1988,423.3
11/23/1988,420.1
11/22/1988,418.1
11/21/1988,416.5
11/18/1988,418.1
11/17/1988,421.1
11/16/1988,425.6
11/15/1988,425.6
11/14/1988,425.2
11/11/1988,423.1
11/10/1988,420.5
11/09/1988,424.7
11/08/1988,421.2
11/07/1988,424.7
11/04/1988,423.5
11/03/1988,423.7
11/02/1988,424.2
11/01/1988,414
10/31/1988,415.1
10/28/1988,414.9
10/27/1988,410.1
10/26/1988,411.1
10/25/1988,409.4
10/24/1988,408.8
10/21/1988,411.5
10/20/1988,415.4
10/19/1988,414.7
10/18/1988,415.1
10/17/1988,415.5
10/14/1988,412.5
10/13/1988,410.4
10/12/1988,412.2
10/11/1988,408.4
10/10/1988,412.7
10/07/1988,407.3
10/06/1988,408
10/05/1988,405.3
10/04/1988,402.7
10/03/1988,402.2
09/30/1988,399.2
09/29/1988,401.6
09/28/1988,403.4
09/27/1988,402.5
09/26/1988,400.3
09/23/1988,399.3
09/22/1988,404.6
09/21/1988,404
09/20/1988,411.3
09/19/1988,415.4
09/16/1988,418.2
09/15/1988,425
09/14/1988,428
09/13/1988,428.2
09/12/1988,428
09/09/1988,428.5
09/08/1988,436.3
09/07/1988,435.7
09/06/1988,434.8
09/02/1988,437.4
09/01/1988,438.7
08/31/1988,439.9
08/30/1988,437.7
08/29/1988,438.7
08/26/1988,441.4
08/25/1988,442.2
08/24/1988,444.4
08/23/1988,441.8
08/22/1988,443.2
08/19/1988,441.4
08/18/1988,442.1
08/17/1988,440.9
08/16/1988,438.8
08/15/1988,442.9
08/12/1988,441.2
08/11/1988,439.2
08/10/1988,439.4
08/09/1988,437.8
08/08/1988,440.8
08/05/1988,442.6
08/04/1988,443.8
08/03/1988,444.3
08/02/1988,442.5
08/01/1988,445.6
07/29/1988,447.3
07/28/1988,443.8
07/27/1988,433.5
07/26/1988,431.7
07/25/1988,426.6
07/22/1988,442.9
07/21/1988,442.7
07/20/1988,445.7
07/19/1988,447.5
07/18/1988,438.8
07/15/1988,441.3
07/14/1988,439.9
07/13/1988,441.8
07/12/1988,438.7
07/11/1988,436.4
07/08/1988,441
07/07/1988,441.1
07/06/1988,440.7
07/05/1988,440.3
07/01/1988,439.6
06/30/1988,437.7
06/29/1988,438.3
06/28/1988,440.5
06/27/1988,445.9
06/24/1988,446
06/23/1988,450.9
06/22/1988,453
06/21/1988,455.4
06/20/1988,454.5
06/17/1988,458.3
06/16/1988,453.9
06/15/1988,455.8
06/14/1988,454.6
06/13/1988,453.8
06/10/1988,453.3
06/09/1988,461.7
06/08/1988,460.7
06/07/1988,464.8
06/06/1988,468.1
06/03/1988,469.3
06/02/1988,471.5
06/01/1988,462.4
05/31/1988,459.8
05/27/1988,450.8
05/26/1988,454.1
05/25/1988,454.8
05/24/1988,461.1
05/23/1988,462.8
05/20/1988,458.7
05/19/1988,458.2
05/18/1988,458.1
05/17/1988,456.4
05/16/1988,456
05/13/1988,453.7
05/12/1988,453.3
05/11/1988,451.2
05/10/1988,451.6
05/09/1988,448.8
05/06/1988,445.3
05/05/1988,447
05/04/1988,446.6
05/03/1988,445.1
05/02/1988,447.2
04/29/1988,452.6
04/28/1988,452.6
04/27/1988,454.3
04/26/1988,451.3
04/25/1988,450.1
04/22/1988,452.4
04/21/1988,457.2
04/20/1988,459
04/19/1988,460.4
04/18/1988,461.7
04/15/1988,458.5
04/14/1988,456.5
04/13/1988,449.6
04/12/1988,453.7
04/11/1988,454.7
04/08/1988,453.7
04/07/1988,452.7
04/06/1988,451.3
04/05/1988,456.2
04/04/1988,459.5
03/31/1988,457.9
03/30/1988,461.3
03/29/1988,455.6
03/28/1988,455.9
03/25/1988,453.3
03/24/1988,454.3
03/23/1988,452
03/22/1988,449.6
03/21/1988,450.2
03/18/1988,445.2
03/17/1988,444.9
03/16/1988,446.5
03/15/1988,447.5
03/14/1988,443.1
03/11/1988,442.6
03/10/1988,444.5
03/09/1988,437.5
03/08/1988,436.6
03/07/1988,438.6
03/04/1988,438.8
03/03/1988,429.1
03/02/1988,432.2
03/01/1988,432.4
02/29/1988,431.9
02/26/1988,431.1
02/25/1988,434.7
02/24/1988,434.1
02/23/1988,444.3
02/22/1988,447.6
02/19/1988,448
02/18/1988,445.8
02/17/1988,449.2
02/16/1988,447.6
02/12/1988,448.7
02/11/1988,443.2
02/10/1988,443.9
02/09/1988,444.9
02/08/1988,444
02/05/1988,443.2
02/04/1988,448.2
02/03/1988,442.5
02/02/1988,458.3
02/01/1988,458.4
01/29/1988,458.5
01/28/1988,471.5
01/27/1988,467
01/26/1988,469.3
01/25/1988,469.5
01/22/1988,477.8
01/21/1988,478.8
01/20/1988,476.8
01/19/1988,478.2
01/18/1988,476.8
01/15/1988,474.5
01/14/1988,488.2
01/13/1988,481.6
01/12/1988,482.3
01/11/1988,483.6
01/08/1988,485.5
01/07/1988,483.1
01/06/1988,485.3
01/05/1988,483.2
01/04/1988,480.5
12/31/1987,488.9
12/30/1987,485.5
12/29/1987,489.4
12/28/1987,491.1
12/24/1987,489.6
12/23/1987,486.5
12/22/1987,487.9
12/21/1987,483.7
12/18/1987,484
12/17/1987,489.7
12/16/1987,490.1
12/15/1987,487.2
12/14/1987,500.4
12/11/1987,502
12/10/1987,497.2
12/09/1987,489.4
12/08/1987,488.6
12/07/1987,486.5
12/04/1987,487.8
12/03/1987,493.8
12/02/1987,493.7
12/01/1987,496.2
11/30/1987,497.2
11/27/1987,492.3
11/25/1987,476.9
11/24/1987,475.4
11/23/1987,476
11/20/1987,470.3
11/19/1987,465.8
11/18/1987,464.8
11/17/1987,465.8
11/16/1987,464.3
11/13/1987,465.6
11/12/1987,464.7
11/11/1987,463.1
11/10/1987,462.4
11/09/1987,463.3
11/06/1987,462.1
11/05/1987,459.2
11/04/1987,468.2
11/03/1987,470.6
11/02/1987,472.5
10/30/1987,471.2
10/29/1987,468.7
10/28/1987,480.5
10/27/1987,478.8
10/26/1987,479.4
10/23/1987,476.7
10/22/1987,473.2
10/21/1987,471.7
10/20/1987,467.5
10/19/1987,486.8
10/16/1987,476.3
10/15/1987,467.8
10/14/1987,465.8
10/13/1987,464
10/12/1987,466.7
10/09/1987,466.9
10/08/1987,466.5
10/07/1987,463.4
10/06/1987,462.7
10/05/1987,462.8
10/02/1987,460.3
10/01/1987,459.7
09/30/1987,458.8
09/29/1987,464.4
09/28/1987,466.4
09/25/1987,466.6
09/24/1987,468.7
09/23/1987,468.7
09/22/1987,468.9
09/21/1987,469.3
09/18/1987,465.3
09/17/1987,466.9
09/16/1987,465.1
09/15/1987,465.9
09/14/1987,463.8
09/11/1987,464.3
09/10/1987,470.6
09/09/1987,464.5
09/08/1987,465.5
09/04/1987,470.8
09/03/1987,471.7
09/02/1987,473.4
09/01/1987,462.8
08/31/1987,458.7
08/28/1987,461.3
08/27/1987,463.7
08/26/1987,465.8
08/25/1987,465.8
08/24/1987,469.3
08/21/1987,465.7
08/20/1987,462.2
08/19/1987,467.3
08/18/1987,467.7
08/17/1987,463.1
08/14/1987,461.2
08/13/1987,467.8
08/12/1987,473
08/11/1987,474.2
08/10/1987,470.6
08/07/1987,464.8
08/06/1987,478.6
08/05/1987,477.6
08/04/1987,488.9
08/03/1987,488.3
07/31/1987,475.1
07/30/1987,473.3
07/29/1987,457.6
07/28/1987,457
07/27/1987,454.2
07/24/1987,454.5
07/23/1987,455.7
07/22/1987,455.7
07/21/1987,453.7
07/20/1987,452.3
07/17/1987,449.3
07/16/1987,455.4
07/15/1987,455.3
07/14/1987,449.5
07/13/1987,448.6
07/10/1987,446
07/09/1987,446.8
07/08/1987,446.8
07/07/1987,446.1
07/06/1987,450.3
07/02/1987,448.8
07/01/1987,449.4
06/30/1987,452.2
06/29/1987,449.4
06/26/1987,450.1
06/25/1987,443.8
06/24/1987,446.4
06/23/1987,443.8
06/22/1987,440.8
06/19/1987,448.7
06/18/1987,454.6
06/17/1987,451.8
06/16/1987,451.9
06/15/1987,456.7
06/12/1987,458.9
06/11/1987,468.3
06/10/1987,461.3
06/09/1987,462.8
06/08/1987,454.3
06/05/1987,458.8
06/04/1987,458.2
06/03/1987,455.5
06/02/1987,461.8
06/01/1987,451.6
05/29/1987,456
05/28/1987,459.5
05/27/1987,448.5
05/26/1987,451.8
05/22/1987,464.6
05/21/1987,470.3
05/20/1987,473.3
05/19/1987,478.3
05/18/1987,472.8
05/15/1987,476.2
05/14/1987,465.6
05/13/1987,460
05/12/1987,461.5
05/11/1987,457.7
05/08/1987,456.7
05/07/1987,459.6
05/06/1987,460.8
05/05/1987,460.8
05/04/1987,465.2
05/01/1987,459.5
04/30/1987,456.5
04/29/1987,453.5
04/28/1987,454.7
04/27/1987,446
04/24/1987,465.5
04/23/1987,463.4
04/22/1987,452.5
04/21/1987,451
04/20/1987,456.8
04/16/1987,447.3
04/15/1987,446.5
04/14/1987,454.6
04/13/1987,440.8
04/10/1987,436.7
04/09/1987,436.5
04/08/1987,424.1
04/07/1987,426.2
04/06/1987,422.6
04/03/1987,423.9
04/02/1987,422.2
04/01/1987,422.5
03/31/1987,422.7
03/30/1987,425.9
03/27/1987,422.7
03/26/1987,411.7
03/25/1987,413.3
03/24/1987,414.1
03/23/1987,410.8
03/20/1987,406.3
03/19/1987,406.1
03/18/1987,406
03/17/1987,406.8
03/16/1987,406.6
03/13/1987,405
03/12/1987,409.9
03/11/1987,408.3
03/10/1987,408.3
03/09/1987,406.5
03/06/1987,407.8
03/05/1987,408.8
03/04/1987,412.2
03/03/1987,409.1
03/02/1987,405.6
02/27/1987,407.4
02/26/1987,408.5
02/25/1987,405.2
02/24/1987,404.6
02/23/1987,404.6
02/20/1987,408.7
02/19/1987,402.7
02/18/1987,395.3
02/17/1987,394.9
02/13/1987,400.7
02/12/1987,398.3
02/11/1987,405.5
02/10/1987,406.2
02/09/1987,407.2
02/06/1987,407.4
02/05/1987,408.2
02/04/1987,406.2
02/03/1987,407.2
02/02/1987,404.8
01/30/1987,408.9
01/29/1987,416.6
01/28/1987,410.6
01/27/1987,415.7
01/26/1987,411.3
01/23/1987,405.3
01/22/1987,408.9
01/21/1987,408.8
01/20/1987,408.2
01/19/1987,423.3
01/16/1987,417.3
01/15/1987,417
01/14/1987,419.2
01/13/1987,412.3
01/12/1987,410.2
01/09/1987,407.5
01/08/1987,403.9
01/07/1987,404.3
01/06/1987,402.2
01/05/1987,405
01/02/1987,404
12/31/1986,406.9
12/30/1986,392.4
12/29/1986,391.9
12/24/1986,393
12/23/1986,391.5
12/22/1986,396.3
12/19/1986,395.8
12/18/1986,397.8
12/17/1986,395.3
12/16/1986,396.3
12/15/1986,398.4
12/12/1986,395.8
12/11/1986,393.7
12/10/1986,393.1
12/09/1986,390.4
12/08/1986,393.7
12/05/1986,392.9
12/04/1986,391.7
12/03/1986,395.8
12/02/1986,392.9
12/01/1986,397.5
11/28/1986,394.8
11/26/1986,383.1
11/25/1986,385.6
11/24/1986,382.4
11/21/1986,379.3
11/20/1986,391.7
11/19/1986,388.5
11/18/1986,394.5
11/17/1986,389.3
11/14/1986,398.8
11/13/1986,409.5
11/12/1986,409.4
11/11/1986,409.3
11/10/1986,407.5
11/07/1986,410.6
11/06/1986,412.4
11/05/1986,408.5
11/04/1986,411.1
11/03/1986,406.8
10/31/1986,405.5
10/30/1986,409.9
10/29/1986,407.3
10/28/1986,413.9
10/27/1986,410.3
10/24/1986,409.7
10/23/1986,417.5
10/22/1986,428.7
10/21/1986,427.9
10/20/1986,428.9
10/17/1986,422.2
10/16/1986,427.4
10/15/1986,428.7
10/14/1986,430.5
10/13/1986,437.2
10/10/1986,434.5
10/09/1986,433
10/08/1986,442.4
10/07/1986,444.8
10/06/1986,442.8
10/03/1986,437.5
10/02/1986,441.1
10/01/1986,429.2
09/30/1986,429.8
09/29/1986,427.1
09/26/1986,431.5
09/25/1986,438.8
09/24/1986,436
09/23/1986,436
09/22/1986,445.2
09/19/1986,441
09/18/1986,422.6
09/17/1986,418.8
09/16/1986,420.2
09/15/1986,422.3
09/12/1986,421.5
09/11/1986,413
09/10/1986,409.8
09/09/1986,414.4
09/08/1986,416.4
09/05/1986,428.3
09/04/1986,415.5
09/03/1986,410.3
09/02/1986,411.5
08/29/1986,393.3
08/28/1986,392
08/27/1986,386.3
08/26/1986,385.6
08/25/1986,386.5
08/22/1986,379.5
08/21/1986,390.6
08/20/1986,385.1
08/19/1986,381
08/18/1986,382.8
08/15/1986,390.2
08/14/1986,393.7
08/13/1986,391.7
08/12/1986,392.4
08/11/1986,398.5
08/08/1986,382.5
08/07/1986,369.3
08/06/1986,367.5
08/05/1986,366.1
08/04/1986,367
08/01/1986,367.5
07/31/1986,369.7
07/30/1986,358.6
07/29/1986,352.2
07/28/1986,355.1
07/25/1986,348.2
07/24/1986,349.3
07/23/1986,349
07/22/1986,353.7
07/21/1986,355.6
07/18/1986,356.5
07/17/1986,348.7
07/16/1986,348.7
07/15/1986,349.1
07/14/1986,346.4
07/11/1986,347.8
07/10/1986,348.6
07/09/1986,349.6
07/08/1986,351.2
07/07/1986,345.9
07/03/1986,345.4
07/02/1986,344.9
07/01/1986,345.8
06/30/1986,347.7
06/27/1986,346.9
06/26/1986,346.6
06/25/1986,347.1
06/24/1986,345.2
06/23/1986,343.3
06/20/1986,342.7
06/19/1986,340.9
06/18/1986,340.5
06/17/1986,339.3
06/16/1986,337.5
06/13/1986,348.8
06/12/1986,349.8
06/11/1986,351.7
06/10/1986,351.2
06/09/1986,354.2
06/06/1986,344.8
06/05/1986,344.6
06/04/1986,344.8
06/03/1986,345.3
06/02/1986,345.1
05/30/1986,347.1
05/29/1986,347
05/28/1986,342.5
05/27/1986,341.8
05/23/1986,342.4
05/22/1986,342.6
05/21/1986,339.8
05/20/1986,339.8
05/19/1986,340.7
05/16/1986,343.8
05/15/1986,343.4
05/14/1986,343.1
05/13/1986,345.1
05/12/1986,345.5
05/09/1986,345.5
05/08/1986,345.5
05/07/1986,345.8
05/06/1986,344
05/05/1986,344.2
05/02/1986,344.7
05/01/1986,342.8
04/30/1986,348.1
04/29/1986,346.9
04/28/1986,345.8
04/25/1986,346.2
04/24/1986,347.1
04/23/1986,348.1
04/22/1986,349
04/21/1986,345.7
04/18/1986,346.7
04/17/1986,341.5
04/16/1986,341.9
04/15/1986,343.4
04/14/1986,344.2
04/11/1986,347.5
04/10/1986,341.7
04/09/1986,342.2
04/08/1986,342.9
04/07/1986,342.5
04/04/1986,338.4
04/03/1986,338.4
04/02/1986,339.5
04/01/1986,337
03/31/1986,334.8
03/27/1986,343.1
03/26/1986,344.7
03/25/1986,344
03/24/1986,351.3
03/21/1986,357.4
03/20/1986,352.7
03/19/1986,350.8
03/18/1986,350.3
03/17/1986,350.8
03/14/1986,348.9
03/13/1986,349.2
03/12/1986,353
03/11/1986,344.9
03/10/1986,343.3
03/07/1986,345.7
03/06/1986,344.3
03/05/1986,344.5
03/04/1986,346
03/03/1986,340.5
02/28/1986,341
02/27/1986,339.2
02/26/1986,338.5
02/25/1986,350
02/24/1986,351
02/21/1986,343.3
02/20/1986,341.4
02/19/1986,339
02/18/1986,339.7
02/14/1986,336.2
02/13/1986,335.3
02/12/1986,340.8
02/11/1986,341.6
02/10/1986,340.8
02/07/1986,342.5
02/06/1986,340.4
02/05/1986,339.3
02/04/1986,337.4
02/03/1986,347.4
01/31/1986,352.9
01/30/1986,359.4
01/29/1986,356.3
01/28/1986,353.7
01/27/1986,354.3
01/24/1986,358.4
01/23/1986,351.9
01/22/1986,351.5
01/21/1986,352.8
01/20/1986,355.1
01/17/1986,358
01/16/1986,357.6
01/15/1986,350.7
01/14/1986,341
01/13/1986,341.5
01/10/1986,343.3
01/09/1986,339.9
01/08/1986,336.1
01/07/1986,332.8
01/06/1986,330.7
01/03/1986,330
01/02/1986,328.9
12/31/1985,331.1
12/30/1985,330.6
12/27/1985,329
12/26/1985,327.7
12/24/1985,328.2
12/23/1985,328.3
12/20/1985,328.7
12/19/1985,327.2
12/18/1985,327.3
12/17/1985,323.9
12/16/1985,324.9
12/13/1985,322.2
12/12/1985,320.4
12/11/1985,320.1
12/10/1985,321.2
12/09/1985,319.8
12/06/1985,326.2
12/05/1985,326.9
12/04/1985,325.7
12/03/1985,326.7
12/02/1985,326.5
11/29/1985,327.3
11/27/1985,325.7
11/26/1985,331.2
11/25/1985,332.7
11/22/1985,327.4
11/21/1985,327.4
11/20/1985,326.8
11/19/1985,324.7
11/18/1985,324.7
11/15/1985,324.7
11/14/1985,325.8
11/13/1985,326.2
11/12/1985,325.8
11/11/1985,324.5
11/08/1985,325.6
11/07/1985,323.1
11/06/1985,325.5
11/05/1985,326.2
11/04/1985,327.1
11/01/1985,328.1
10/31/1985,326.7
10/30/1985,327.8
10/29/1985,329.3
10/28/1985,328.9
10/25/1985,329.4
10/24/1985,328.2
10/23/1985,329
10/22/1985,330.1
10/21/1985,329.4
10/18/1985,329.7
10/17/1985,328.4
10/16/1985,326.8
10/15/1985,329.1
10/14/1985,329.8
10/11/1985,330.7
10/10/1985,329.1
10/09/1985,329
10/08/1985,328.6
10/07/1985,330.5
10/04/1985,332.2
10/03/1985,333.9
10/02/1985,328.3
10/01/1985,327.1
09/30/1985,327.1
09/27/1985,332.9
09/26/1985,332.2
09/25/1985,334.3
09/24/1985,334.8
09/23/1985,333.7
09/20/1985,323.8
09/19/1985,324.6
09/18/1985,319.8
09/17/1985,321.5
09/16/1985,324.5
09/13/1985,324
09/12/1985,326.3
09/11/1985,326.7
09/10/1985,327.6
09/09/1985,325.2
09/06/1985,326.6
09/05/1985,326.3
09/04/1985,331.1
09/03/1985,331
08/30/1985,339.8
08/29/1985,341.6
08/28/1985,347.3
08/27/1985,344
08/26/1985,342.9
08/23/1985,342.7
08/22/1985,340.9
08/21/1985,346.2
08/20/1985,343
08/19/1985,345.8
08/16/1985,345.6
08/15/1985,340.4
08/14/1985,334.2
08/13/1985,334.3
08/12/1985,334.7
08/09/1985,336.3
08/08/1985,329.6
08/07/1985,330.2
08/06/1985,328.6
08/05/1985,330.6
08/02/1985,329.7
08/01/1985,328
07/31/1985,335.2
07/30/1985,332
07/29/1985,324.2
07/26/1985,322
07/25/1985,319.6
07/24/1985,319.3
07/23/1985,318.3
07/22/1985,322.3
07/19/1985,318.8
07/18/1985,318.8
07/17/1985,324
07/16/1985,321
07/15/1985,318.4
07/12/1985,319.2
07/11/1985,315.1
07/10/1985,316.2
07/09/1985,314.5
07/08/1985,316.6
07/03/1985,311.4
07/02/1985,311.4
07/01/1985,310.8
06/28/1985,317.7
06/27/1985,319
06/26/1985,317.8
06/25/1985,318.3
06/24/1985,317.9
06/21/1985,316.6
06/20/1985,316
06/19/1985,324.8
06/18/1985,330.5
06/17/1985,321.8
06/14/1985,322
06/13/1985,317.4
06/12/1985,316.7
06/11/1985,316.9
06/10/1985,317.2
06/07/1985,317.7
06/06/1985,318.9
06/05/1985,318.4
06/04/1985,319.1
06/03/1985,320.3
05/31/1985,319.5
05/30/1985,316.6
05/29/1985,315.5
05/28/1985,310.3
05/24/1985,314.8
05/23/1985,316.1
05/22/1985,316.1
05/21/1985,317.9
05/20/1985,314
05/17/1985,321
05/16/1985,321.5
05/15/1985,323.9
05/14/1985,325.8
05/13/1985,326.3
05/10/1985,317.5
05/09/1985,314.3
05/08/1985,314.2
05/07/1985,316.5
05/06/1985,310.5
05/03/1985,313.3
05/02/1985,316.3
05/01/1985,315.3
04/30/1985,316.5
04/29/1985,327.2
04/26/1985,325.2
04/25/1985,326.2
04/24/1985,325.3
04/23/1985,325.6
04/22/1985,330.1
04/19/1985,331.3
04/18/1985,330.8
04/17/1985,327.9
04/16/1985,330.8
04/15/1985,333.2
04/12/1985,331.6
04/11/1985,336.4
04/10/1985,330
04/09/1985,327.9
04/08/1985,329
04/04/1985,324
04/03/1985,320.7
04/02/1985,326.2
04/01/1985,322.7
03/29/1985,334.1
03/28/1985,331.4
03/27/1985,327.8
03/26/1985,324.4
03/25/1985,316.4
03/22/1985,316.8
03/21/1985,317.5
03/20/1985,324.3
03/19/1985,328.8
03/18/1985,303.8
03/15/1985,295.2
03/14/1985,291.8
03/13/1985,291.9
03/12/1985,292.3
03/11/1985,290.1
03/08/1985,288.5
03/07/1985,291
03/06/1985,292.9
03/05/1985,287.9
03/04/1985,291.9
03/01/1985,291.6
02/28/1985,288.7
02/27/1985,289.8
02/26/1985,290
02/25/1985,284.1
02/22/1985,296.5
02/21/1985,301.1
02/20/1985,306
02/19/1985,306.4
02/15/1985,306.9
02/14/1985,305.9
02/13/1985,305.7
02/12/1985,304.7
02/11/1985,307.5
02/08/1985,303.4
02/07/1985,302.7
02/06/1985,305.3
02/05/1985,305.5
02/04/1985,305.4
02/01/1985,306.5
01/31/1985,307.4
01/30/1985,307.9
01/29/1985,301.8
01/28/1985,302.9
01/25/1985,300.4
01/24/1985,299.7
01/23/1985,301.7
01/22/1985,303.9
01/21/1985,308.4
01/18/1985,307.2
01/17/1985,308.5
01/16/1985,304.5
01/15/1985,302.3
01/14/1985,303.9
01/11/1985,300.3
01/10/1985,304.3
01/09/1985,305.5
01/08/1985,298
01/07/1985,303.7
01/04/1985,299.7
01/03/1985,303.2
01/02/1985,304.2
12/31/1984,309.7
12/28/1984,310
12/27/1984,309.2
12/26/1984,314.2
12/21/1984,313.2
12/20/1984,309.6
12/19/1984,311.1
12/18/1984,311.5
12/17/1984,316.9
12/14/1984,325.4
12/13/1984,327.8
12/12/1984,329.5
12/11/1984,329.3
12/10/1984,329.4
12/07/1984,330.8
12/06/1984,334.7
12/05/1984,334.3
12/04/1984,334.1
12/03/1984,336.1
11/30/1984,333.5
11/29/1984,335.4
11/28/1984,330.8
11/27/1984,327.4
11/26/1984,331.5
11/23/1984,340.5
11/21/1984,342.9
11/20/1984,343.8
11/19/1984,343.3
11/16/1984,345
11/15/1984,345.8
11/14/1984,347.8
11/13/1984,347.7
11/12/1984,349.2
11/09/1984,347.5
11/08/1984,349.7
11/07/1984,352.5
11/06/1984,347.2
11/05/1984,349.8
11/02/1984,345.4
11/01/1984,338
10/31/1984,336
10/30/1984,336.5
10/29/1984,338
10/26/1984,340.3
10/25/1984,340.4
10/24/1984,342.9
10/23/1984,343.4
10/22/1984,342
10/19/1984,342.4
10/18/1984,344.3
10/17/1984,340.7
10/16/1984,343.2
10/15/1984,345.2
10/12/1984,346.3
10/11/1984,341.3
10/10/1984,343.6
10/09/1984,342
10/08/1984,347.8
10/05/1984,347
10/04/1984,352.8
10/03/1984,351.9
10/02/1984,353.4
10/01/1984,350.9
09/28/1984,351.3
09/27/1984,350.3
09/26/1984,348.7
09/25/1984,352.4
09/24/1984,352.3
09/21/1984,354.3
09/20/1984,349.3
09/19/1984,348
09/18/1984,348.3
09/17/1984,343.5
09/14/1984,348.1
09/13/1984,346.2
09/12/1984,346.8
09/11/1984,347.7
09/10/1984,347.2
09/07/1984,344.3
09/06/1984,352.7
09/05/1984,348.8
09/04/1984,347.3
08/31/1984,358
08/30/1984,358.2
08/29/1984,360
08/28/1984,358.7
08/27/1984,358.9
08/24/1984,362.3
08/23/1984,360.4
08/22/1984,365
08/21/1984,357.1
08/20/1984,354.8
08/17/1984,362.3
08/16/1984,362.2
08/15/1984,365.7
08/14/1984,366.8
08/13/1984,362.7
08/10/1984,354.8
08/09/1984,361.3
08/08/1984,356.7
08/07/1984,356.3
08/06/1984,361.5
08/03/1984,363
08/02/1984,357.1
08/01/1984,358
07/31/1984,350.3
07/30/1984,355.1
07/27/1984,342
07/26/1984,333.8
07/25/1984,343.7
07/24/1984,337.8
07/23/1984,337.8
07/20/1984,340
07/19/1984,348.3
07/18/1984,350.3
07/17/1984,347.3
07/16/1984,349.8
07/13/1984,345.8
07/12/1984,339.5
07/11/1984,343.3
07/10/1984,345.3
07/09/1984,349.8
07/06/1984,347.2
07/05/1984,362
07/03/1984,372.4
07/02/1984,373.6
06/29/1984,376.1
06/28/1984,376.9
06/27/1984,373.7
06/26/1984,374.5
06/25/1984,372.5
06/22/1984,376.6
06/21/1984,377.6
06/20/1984,376.6
06/19/1984,375.8
06/18/1984,375.7
06/15/1984,375.3
06/14/1984,379.9
06/13/1984,379.2
06/12/1984,379.5
06/11/1984,378.9
06/08/1984,389.5
06/07/1984,396.4
06/06/1984,398.9
06/05/1984,401.1
06/04/1984,402.2
06/01/1984,397
05/31/1984,393.6
05/30/1984,391.6
05/29/1984,385.2
05/25/1984,390
05/24/1984,379
05/23/1984,377.2
05/22/1984,380.4
05/21/1984,380.2
05/18/1984,379.6
05/17/1984,376.4
05/16/1984,378.1
05/15/1984,376.4
05/14/1984,375.5
05/11/1984,373.3
05/10/1984,375
05/09/1984,373.3
05/08/1984,375.9
05/07/1984,374.5
05/04/1984,378.5
05/03/1984,381.3
05/02/1984,381.3
05/01/1984,380.3
04/30/1984,379.6
04/27/1984,381.5
04/26/1984,381.2
04/25/1984,385.9
04/24/1984,386.1
04/23/1984,390.6
04/19/1984,388.8
04/18/1984,392
04/17/1984,385.6
04/16/1984,384.5
04/13/1984,387
04/12/1984,384.7
04/11/1984,388.7
04/10/1984,387.9
04/09/1984,388
04/06/1984,387.1
04/05/1984,385.4
04/04/1984,388.2
04/03/1984,387.5
04/02/1984,385.7
03/30/1984,394.3
03/29/1984,396.7
03/28/1984,390.3
03/27/1984,387.3
03/26/1984,388.5
03/23/1984,386.8
03/22/1984,387.8
03/21/1984,394
03/20/1984,395.3
03/19/1984,395.5
03/16/1984,395.3
03/15/1984,394.7
03/14/1984,395.8
03/13/1984,400.4
03/12/1984,398.3
03/09/1984,402.8
03/08/1984,405.3
03/07/1984,401.2
03/06/1984,407
03/05/1984,407.3
03/02/1984,403.7
03/01/1984,397.8
02/29/1984,398.9
02/28/1984,398.3
02/27/1984,405
02/24/1984,399.5
02/23/1984,402.8
02/22/1984,403.5
02/21/1984,392.4
02/17/1984,388.7
02/16/1984,387.4
02/15/1984,385.7
02/14/1984,387.8
02/13/1984,381.8
02/10/1984,382.5
02/09/1984,383.6
02/08/1984,387.3
02/07/1984,386.2
02/06/1984,387
02/03/1984,391.5
02/02/1984,391.8
02/01/1984,384.9
01/31/1984,379.2
01/30/1984,375.8
01/27/1984,369.5
01/26/1984,366.3
01/25/1984,367.5
01/24/1984,366.8
01/23/1984,366.3
01/20/1984,372.4
01/19/1984,375.3
01/18/1984,370.2
01/17/1984,370.8
01/16/1984,371.3
01/13/1984,372.5
01/12/1984,371.8
01/11/1984,372.9
01/10/1984,370.2
01/09/1984,367.7
01/06/1984,370
01/05/1984,377.7
01/04/1984,379.7
01/03/1984,381.7
12/30/1983,388
12/29/1983,385.5
12/28/1983,381.6
12/27/1983,382.9
12/23/1983,383.6
12/22/1983,385.7
12/21/1983,381.7
12/20/1983,383.4
12/19/1983,377.3
12/16/1983,377
12/15/1983,385.1
12/14/1983,393.4
12/13/1983,395.3
12/12/1983,395.5
12/09/1983,393.4
12/08/1983,394
12/07/1983,408.8
12/06/1983,404.4
12/05/1983,404.5
12/02/1983,404.1
12/01/1983,406.9
11/30/1983,409
11/29/1983,403.8
11/28/1983,395.2
11/25/1983,377.2
11/23/1983,375.7
11/22/1983,376.2
11/21/1983,376.7
11/18/1983,376.3
11/17/1983,378.2
11/16/1983,376.3
11/15/1983,384.2
11/14/1983,384.1
11/11/1983,385.7
11/10/1983,383.4
11/09/1983,383.5
11/08/1983,383
11/07/1983,383.4
11/04/1983,382.3
11/03/1983,385
11/02/1983,385.5
11/01/1983,380.8
10/31/1983,378.8
10/28/1983,389.8
10/27/1983,389
10/26/1983,389.3
10/25/1983,400.8
10/24/1983,401.8
10/21/1983,396.8
10/20/1983,397.5
10/19/1983,394.8
10/18/1983,400.3
10/17/1983,401.6
10/14/1983,403.7
10/13/1983,403.7
10/12/1983,401.8
10/11/1983,403
10/10/1983,408.4
10/07/1983,405.3
10/06/1983,400.5
10/05/1983,402.3
10/04/1983,398.8
10/03/1983,396.4
09/30/1983,407.8
09/29/1983,411.5
09/28/1983,417.6
09/27/1983,420.2
09/26/1983,421.9
09/23/1983,423.6
09/22/1983,419.5
09/21/1983,419.1
09/20/1983,419.2
09/19/1983,421.5
09/16/1983,418.7
09/15/1983,413.2
09/14/1983,416.5
09/13/1983,415.7
09/12/1983,414
09/09/1983,422.9
09/08/1983,424.3
09/07/1983,423.9
09/06/1983,422.3
09/02/1983,427
09/01/1983,425.8
08/31/1983,424.8
08/30/1983,428.5
08/29/1983,428.5
08/26/1983,430.8
08/25/1983,428.7
08/24/1983,433.4
08/23/1983,436.8
08/22/1983,437.6
08/19/1983,430.3
08/18/1983,432.7
08/17/1983,434
08/16/1983,432.2
08/15/1983,432.8
08/12/1983,426.2
08/11/1983,423.6
08/10/1983,424.9
08/09/1983,423
08/08/1983,425.3
08/05/1983,426.8
08/04/1983,424.4
08/03/1983,429.2
08/02/1983,428
08/01/1983,426.5
07/29/1983,427.4
07/28/1983,440.2
07/27/1983,425
07/26/1983,426.7
07/25/1983,428.3
07/22/1983,425.7
07/21/1983,423.8
07/20/1983,430.2
07/19/1983,424.8
07/18/1983,426.3
07/15/1983,421.7
07/14/1983,422.3
07/13/1983,426.5
07/12/1983,430
07/11/1983,432.7
07/08/1983,430.3
07/07/1983,432.8
07/06/1983,415.5
07/05/1983,416
07/01/1983,421.2
06/30/1983,418.5
06/29/1983,419.3
06/28/1983,417.5
06/27/1983,419
06/24/1983,426.8
06/23/1983,425.3
06/22/1983,424.2
06/21/1983,422.8
06/20/1983,420.3
06/17/1983,417.8
06/16/1983,419.7
06/15/1983,413.9
06/14/1983,416.2
06/13/1983,418.5
06/10/1983,412.4
06/09/1983,418
06/08/1983,408
06/07/1983,409.9
06/06/1983,407.5
06/03/1983,418
06/02/1983,417.8
06/01/1983,411.5
05/31/1983,418.5
05/27/1983,435.9
05/26/1983,437.3
05/25/1983,440.1
05/24/1983,437.5
05/23/1983,439
05/20/1983,438
05/19/1983,439.3
05/18/1983,441.2
05/17/1983,444.3
05/16/1983,440.2
05/13/1983,442.8
05/12/1983,440.4
05/11/1983,445.7
05/10/1983,445.3
05/09/1983,443.8
05/06/1983,439.5
05/05/1983,434.8
05/04/1983,437.7
05/03/1983,436.4
05/02/1983,432.3
04/29/1983,433.5
04/28/1983,434.2
04/27/1983,435
04/26/1983,442.3
04/25/1983,440.8
04/22/1983,443.3
04/21/1983,439.7
04/20/1983,443
04/19/1983,437.5
04/18/1983,449.8
04/15/1983,442.2
04/14/1983,443
04/13/1983,437.4
04/12/1983,437
04/11/1983,436.8
04/08/1983,427.2
04/07/1983,431
04/06/1983,435.5
04/05/1983,434.8
04/04/1983,433.5
03/31/1983,422
03/30/1983,419.5
03/29/1983,415.8
03/28/1983,412.3
03/25/1983,414.5
03/24/1983,410.5
03/23/1983,418.5
03/22/1983,419.5
03/21/1983,421
03/18/1983,416.5
03/17/1983,420.8
03/16/1983,419.5
03/15/1983,427.8
03/14/1983,438.5
03/11/1983,429.3
03/10/1983,433
03/09/1983,426.3
03/08/1983,424.5
03/07/1983,429.5
03/04/1983,420
03/03/1983,433
03/02/1983,436
03/01/1983,415
02/28/1983,423.7
02/25/1983,448.7
02/24/1983,473.7
02/23/1983,471.5
02/22/1983,485.5
02/18/1983,510.5
02/17/1983,508
02/16/1983,511
02/15/1983,511.5
02/14/1983,514.2
02/11/1983,510
02/10/1983,509.5
02/09/1983,498.3
02/08/1983,499.2
02/07/1983,501
02/04/1983,501
02/03/1983,504
02/02/1983,515
02/01/1983,511.5
01/31/1983,518.2
01/28/1983,502.8
01/27/1983,496
01/26/1983,491.3
01/25/1983,490
01/24/1983,482.5
01/21/1983,485
01/20/1983,492.5
01/19/1983,489.6
01/18/1983,503.8
01/17/1983,492.5
01/14/1983,490
01/13/1983,490
01/12/1983,492.6
01/11/1983,482.4
01/10/1983,483.2
01/07/1983,469.5
01/06/1983,456.5
01/05/1983,461
01/04/1983,456.7
01/03/1983,453.4
12/30/1982,453
12/29/1982,465.5
12/28/1982,460
12/27/1982,462.2
12/23/1982,450.8
12/22/1982,448
12/21/1982,455.5
12/20/1982,446.9
12/17/1982,444.2
12/16/1982,446
12/15/1982,443.7
12/14/1982,436.8
12/13/1982,449.5
12/10/1982,441.5
12/09/1982,449.2
12/08/1982,444.5
12/07/1982,458.5
12/06/1982,452
12/03/1982,447.8
12/02/1982,449.5
12/01/1982,441.7
11/30/1982,449
11/29/1982,440.6
11/26/1982,427.3
11/24/1982,411.5
11/23/1982,405.3
11/22/1982,406
11/19/1982,414.8
11/18/1982,413.2
11/17/1982,408.5
11/16/1982,411.5
11/15/1982,406.5
11/12/1982,410.5
11/11/1982,406
11/10/1982,405
11/09/1982,414
11/08/1982,407.5
11/05/1982,419
11/04/1982,429.3
11/03/1982,426
11/01/1982,432.5
10/29/1982,423
10/28/1982,422.7
10/27/1982,425
10/26/1982,426.7
10/25/1982,420.5
10/22/1982,435.5
10/21/1982,427.5
10/20/1982,437
10/19/1982,427
10/18/1982,439.5
10/15/1982,433
10/14/1982,445.5
10/13/1982,460
10/12/1982,443.5
10/11/1982,449.5
10/08/1982,424.5
10/07/1982,428.8
10/06/1982,403.8
10/05/1982,398.4
10/04/1982,392.5
10/01/1982,413
09/30/1982,404.8
09/29/1982,400
09/28/1982,420.5
09/27/1982,412
09/24/1982,424.3
09/23/1982,447.3
09/22/1982,445.5
09/21/1982,447
09/20/1982,436
09/17/1982,443
09/16/1982,454
09/15/1982,454.5
09/14/1982,447
09/13/1982,457
09/10/1982,452
09/09/1982,472
09/08/1982,497
09/07/1982,481
09/03/1982,465.5
09/02/1982,440.5
09/01/1982,415.5
08/31/1982,418.5
08/30/1982,419.5
08/27/1982,413
08/26/1982,437.5
08/25/1982,417
08/24/1982,413.2
08/23/1982,408.7
08/20/1982,396
08/19/1982,384.5
08/18/1982,368.9
08/17/1982,354.5
08/16/1982,348.4
08/13/1982,344.9
08/12/1982,348.5
08/11/1982,344.5
08/10/1982,343.3
08/09/1982,346.5
08/06/1982,355.5
08/05/1982,356.8
08/04/1982,363.1
08/03/1982,358
08/02/1982,366.1
07/30/1982,355.5
07/29/1982,351.7
07/28/1982,339.5
07/27/1982,352.2
07/26/1982,355.5
07/23/1982,361.2
07/22/1982,359.5
07/21/1982,356.2
07/20/1982,360.3
07/19/1982,346.5
07/16/1982,351.5
07/15/1982,345.7
07/14/1982,349.2
07/13/1982,359.5
07/12/1982,343.5
07/09/1982,348
07/08/1982,324.7
07/07/1982,313.5
07/06/1982,311.5
07/02/1982,315
07/01/1982,316.5
06/30/1982,317.8
06/29/1982,318
06/28/1982,313.7
06/25/1982,310.2
06/24/1982,307.5
06/23/1982,311
06/22/1982,301.5
06/21/1982,305
06/18/1982,308.5
06/17/1982,312.2
06/16/1982,321.4
06/15/1982,321
06/14/1982,322.5
06/11/1982,333.2
06/10/1982,332.6
06/09/1982,333.2
06/08/1982,337.3
06/07/1982,342.5
06/04/1982,325.3
06/03/1982,323.5
06/02/1982,326.4
06/01/1982,323.8
05/28/1982,329
05/27/1982,326.4
05/26/1982,324.8
05/25/1982,329.5
05/24/1982,328.8
05/21/1982,337.2
05/20/1982,344
05/19/1982,342.5
05/18/1982,342.1
05/17/1982,336.2
05/14/1982,340
05/13/1982,333.5
05/12/1982,335
05/11/1982,335.8
05/10/1982,331.5
05/07/1982,336.5
05/06/1982,335
05/05/1982,339.8
05/04/1982,346.5
05/03/1982,349
04/30/1982,346.5
04/29/1982,360.5
04/28/1982,359.1
04/27/1982,360
04/26/1982,356.5
04/23/1982,356.7
04/22/1982,349.6
04/21/1982,349.1
04/20/1982,350.5
04/19/1982,346.5
04/16/1982,366
04/15/1982,371.8
04/14/1982,376
04/13/1982,362.7
04/12/1982,357.5
04/08/1982,366
04/07/1982,357
04/06/1982,367
04/05/1982,353.3
04/02/1982,336.8
04/01/1982,332.8
03/31/1982,334.2
03/30/1982,326.5
03/29/1982,323.2
03/26/1982,322.2
03/25/1982,326.7
03/24/1982,334.2
03/23/1982,327
03/22/1982,324.6
03/19/1982,317.7
03/18/1982,325.2
03/17/1982,319.3
03/16/1982,314.5
03/15/1982,326.2
03/12/1982,319.6
03/11/1982,330
03/10/1982,338.8
03/09/1982,336
03/08/1982,331
03/05/1982,336.3
03/04/1982,346.8
03/03/1982,354.2
03/02/1982,361.6
03/01/1982,365.8
02/26/1982,364.5
02/25/1982,369.8
02/24/1982,372.4
02/23/1982,367.7
02/22/1982,368.8
02/19/1982,369.3
02/18/1982,374.1
02/17/1982,381.1
02/16/1982,381.8
02/12/1982,384.9
02/11/1982,384.5
02/10/1982,391.3
02/09/1982,387.6
02/08/1982,386.8
02/05/1982,392
02/04/1982,393.8
02/03/1982,386.8
02/02/1982,384.7
02/01/1982,389.2
01/29/1982,391.8
01/28/1982,392.4
01/27/1982,384.2
01/26/1982,376.4
01/25/1982,375.6
01/22/1982,378.5
01/21/1982,376.5
01/20/1982,374.5
01/19/1982,371.2
01/18/1982,377
01/15/1982,372
01/14/1982,378.6
01/13/1982,379.6
01/12/1982,390
01/11/1982,388
01/08/1982,397.5
01/07/1982,402
01/06/1982,403
01/05/1982,405.6
01/04/1982,407.3
12/31/1981,402.8
12/30/1981,403
12/29/1981,399
12/28/1981,397.2
12/24/1981,406.3
12/23/1981,408
12/22/1981,408.4
12/21/1981,405.8
12/18/1981,418.2
12/17/1981,422.3
12/16/1981,428.3
12/15/1981,423
12/14/1981,419.5
12/11/1981,412.5
12/10/1981,413.5
12/09/1981,416.8
12/08/1981,415.8
12/07/1981,424
12/04/1981,429
12/03/1981,428
12/02/1981,429
12/01/1981,412
11/30/1981,413.3
11/27/1981,419.8
11/25/1981,412.5
11/24/1981,401.8
11/23/1981,394
11/20/1981,398
11/19/1981,400.5
11/18/1981,398
11/17/1981,405
11/16/1981,401.4
11/13/1981,415.2
11/12/1981,414
11/11/1981,412.1
11/10/1981,414.5
11/09/1981,423.5
11/06/1981,430.9
11/05/1981,431.2
11/04/1981,433.3
11/03/1981,434.2
11/02/1981,432.5
10/30/1981,431.2
10/29/1981,433.3
10/28/1981,428
10/27/1981,435.3
10/26/1981,429.8
10/23/1981,436
10/22/1981,439.2
10/21/1981,438
10/20/1981,437.5
10/19/1981,442.7
10/16/1981,447.5
10/15/1981,450.2
10/14/1981,452
10/13/1981,456
10/12/1981,452
10/09/1981,457
10/08/1981,457.5
10/07/1981,453.5
10/06/1981,461.5
10/05/1981,445.5
10/02/1981,447.5
10/01/1981,440
09/30/1981,443
09/29/1981,441.5
09/28/1981,441.8
09/25/1981,441.5
09/24/1981,459.5
09/23/1981,469.5
09/22/1981,475
09/21/1981,482
09/18/1981,465
09/17/1981,456.5
09/16/1981,466
09/15/1981,469
09/14/1981,476.4
09/11/1981,470
09/10/1981,464.5
09/09/1981,463.5
09/08/1981,448.5
09/04/1981,455.5
09/03/1981,462.5
09/02/1981,452.5
09/01/1981,444.7
08/31/1981,443.5
08/28/1981,445
08/27/1981,436
08/26/1981,430.5
08/25/1981,427.5
08/24/1981,433
08/21/1981,452.5
08/20/1981,448
08/19/1981,456
08/18/1981,455.5
08/17/1981,433
08/14/1981,430.5
08/13/1981,429
08/12/1981,423
08/11/1981,429
08/10/1981,415.5
08/07/1981,414.8
08/06/1981,418.2
08/05/1981,409.3
08/04/1981,408.5
08/03/1981,406.5
07/31/1981,423.2
07/30/1981,424.4
07/29/1981,403.5
07/28/1981,406.5
07/27/1981,402
07/24/1981,408.2
07/23/1981,408.7
07/22/1981,408
07/21/1981,411.5
07/20/1981,411
07/17/1981,420
07/16/1981,417.5
07/15/1981,414
07/14/1981,414.5
07/13/1981,409
07/10/1981,422
07/09/1981,415.5
07/08/1981,407
07/07/1981,409.5
07/06/1981,404
07/02/1981,416.5
07/01/1981,419
06/30/1981,428.5
06/29/1981,432
06/26/1981,447
06/25/1981,451
06/24/1981,460.5
06/23/1981,471.2
06/22/1981,472.3
06/19/1981,467.5
06/18/1981,467
06/17/1981,469
06/16/1981,472.5
06/15/1981,472
06/12/1981,476
06/11/1981,476
06/10/1981,477
06/09/1981,469
06/08/1981,473
06/05/1981,462.5
06/04/1981,476
06/03/1981,481.5
06/02/1981,487
06/01/1981,487.5
05/29/1981,492.5
05/28/1981,494.5
05/27/1981,469.7
05/26/1981,465.5
05/22/1981,471
05/21/1981,468
05/20/1981,482.5
05/19/1981,478.5
05/18/1981,485
05/15/1981,479.5
05/14/1981,486.5
05/13/1981,482
05/12/1981,491.5
05/11/1981,488
05/08/1981,496.5
05/07/1981,487
05/06/1981,484.5
05/05/1981,486.5
05/04/1981,486.5
05/01/1981,496
04/30/1981,489
04/29/1981,484.5
04/28/1981,489.8
04/27/1981,491
04/24/1981,491.3
04/23/1981,498
04/22/1981,496
04/21/1981,497.5
04/20/1981,495.7
04/16/1981,495.5
04/15/1981,482.3
04/14/1981,492
04/13/1981,487
04/10/1981,496
04/09/1981,501.5
04/08/1981,524.5
04/07/1981,522.5
04/06/1981,538
04/03/1981,532.5
04/02/1981,528.5
04/01/1981,528
03/31/1981,525.5
03/30/1981,524.5
03/27/1981,529.3
03/26/1981,545
03/25/1981,532
03/24/1981,536.5
03/23/1981,527
03/20/1981,537
03/19/1981,512
03/18/1981,508.5
03/17/1981,509
03/16/1981,495.5
03/13/1981,488.5
03/12/1981,485
03/11/1981,478
03/10/1981,485.5
03/09/1981,475
03/06/1981,467
03/05/1981,466.5
03/04/1981,461
03/03/1981,476
03/02/1981,465
02/27/1981,486.5
02/26/1981,499
02/25/1981,504
02/24/1981,511
02/23/1981,505
02/20/1981,514.5
02/19/1981,515.5
02/18/1981,500.5
02/17/1981,507
02/13/1981,501
02/12/1981,504
02/11/1981,507
02/10/1981,517.5
02/09/1981,527.5
02/06/1981,514
02/05/1981,510
02/04/1981,500
02/03/1981,505
02/02/1981,492.5
01/30/1981,512.5
01/29/1981,529
01/28/1981,507
01/27/1981,520.5
01/26/1981,527.5
01/23/1981,552.5
01/22/1981,557
01/21/1981,568
01/20/1981,571
01/19/1981,565.5
01/16/1981,567.5
01/15/1981,562
01/14/1981,573.5
01/13/1981,565.5
01/12/1981,566.5
01/09/1981,581
01/08/1981,577.5
01/07/1981,580
01/06/1981,605
01/05/1981,601.5
01/02/1981,594.5
12/31/1980,599.5
12/30/1980,595
12/29/1980,595
12/24/1980,617
12/23/1980,616
12/22/1980,604
12/19/1980,607.5
12/18/1980,583
12/17/1980,588
12/16/1980,580
12/15/1980,587.5
12/12/1980,587
12/11/1980,558
12/10/1980,583
12/09/1980,608
12/08/1980,630.4
12/05/1980,638
12/04/1980,639.5
12/03/1980,647.3
12/02/1980,641.5
12/01/1980,647
11/28/1980,644.5
11/26/1980,622.6
11/25/1980,628
11/24/1980,618
11/21/1980,638.5
11/20/1980,645
11/19/1980,634
11/18/1980,621.5
11/17/1980,617
11/14/1980,621
11/13/1980,611
11/12/1980,618.5
11/11/1980,617
11/10/1980,609.5
11/07/1980,607
11/06/1980,618
11/05/1980,643
11/03/1980,655
10/31/1980,642
10/30/1980,647.5
10/29/1980,645
10/28/1980,642
10/27/1980,640.5
10/24/1980,639
10/23/1980,635
10/22/1980,660
10/21/1980,668
10/20/1980,667
10/17/1980,665
10/16/1980,677.5
10/15/1980,686
10/14/1980,691.5
10/13/1980,691.7
10/10/1980,700
10/09/1980,699.5
10/08/1980,690
10/07/1980,688
10/06/1980,693.5
10/03/1980,684.5
10/02/1980,685
10/01/1980,696.5
09/30/1980,688.5
09/29/1980,678.5
09/26/1980,703.5
09/25/1980,728.5
09/24/1980,729.5
09/23/1980,731.5
09/22/1980,733
09/19/1980,708
09/18/1980,693
09/17/1980,692
09/16/1980,700
09/15/1980,685
09/12/1980,704
09/11/1980,713.5
09/10/1980,703.5
09/09/1980,693.5
09/08/1980,695
09/05/1980,670
09/04/1980,673
09/03/1980,658
09/02/1980,660
08/29/1980,656
08/28/1980,654
08/27/1980,653.5
08/26/1980,651
08/25/1980,643.3
08/22/1980,658
08/21/1980,659
08/20/1980,667
08/19/1980,642
08/18/1980,640.5
08/15/1980,635
08/14/1980,647.4
08/13/1980,635
08/12/1980,633
08/11/1980,623
08/08/1980,647
08/07/1980,656
08/06/1980,654
08/05/1980,649.5
08/04/1980,650
08/01/1980,640
07/31/1980,642
07/30/1980,636
07/29/1980,637.5
07/28/1980,648
07/25/1980,653
07/24/1980,639.5
07/23/1980,631.5
07/22/1980,638
07/21/1980,613.5
07/18/1980,614
07/17/1980,620.2
07/16/1980,628.5
07/15/1980,620.5
07/14/1980,645.5
07/11/1980,670.5
07/10/1980,672
07/09/1980,666.5
07/08/1980,678.5
07/07/1980,684
07/03/1980,676
07/02/1980,667.5
07/01/1980,676
06/30/1980,654
06/27/1980,657.5
06/26/1980,633
06/25/1980,623.5
06/24/1980,624
06/23/1980,610
06/20/1980,609.5
06/19/1980,613
06/18/1980,603
06/17/1980,606.5
06/16/1980,598
06/13/1980,613
06/12/1980,609
06/11/1980,594.5
06/10/1980,608.5
06/09/1980,633.5
06/06/1980,616
06/05/1980,597
06/04/1980,592.5
06/03/1980,569
06/02/1980,576.5
05/30/1980,555
05/29/1980,537.5
05/28/1980,519.2
05/27/1980,524
05/23/1980,510
05/22/1980,515
05/21/1980,506.5
05/20/1980,512
05/19/1980,511
05/16/1980,514.8
05/15/1980,514.5
05/14/1980,524.5
05/13/1980,520
05/12/1980,510
05/09/1980,515.7
05/08/1980,512.5
05/07/1980,517
05/06/1980,510
05/05/1980,523
05/02/1980,516
05/01/1980,520
04/30/1980,507
04/29/1980,529
04/28/1980,522
04/25/1980,547
04/24/1980,538
04/23/1980,515
04/22/1980,510
04/21/1980,497
04/18/1980,520
04/17/1980,522
04/16/1980,516
04/15/1980,530
04/14/1980,519.5
04/11/1980,544
04/10/1980,544.5
04/09/1980,550
04/08/1980,551.5
04/07/1980,526.5
04/03/1980,501.5
04/02/1980,506
04/01/1980,515
03/31/1980,519
03/28/1980,525
03/27/1980,463
03/26/1980,504
03/25/1980,529
03/24/1980,549
03/21/1980,565
03/20/1980,538.5
03/19/1980,538.5
03/18/1980,488.5
03/17/1980,480
03/14/1980,530
03/13/1980,544
03/12/1980,581.5
03/11/1980,570.5
03/10/1980,567.5
03/07/1980,605
03/06/1980,618
03/05/1980,643
03/04/1980,651.5
03/03/1980,641
02/29/1980,640
02/28/1980,650.5
02/27/1980,639
02/26/1980,635.5
02/25/1980,659
02/22/1980,641.5
02/21/1980,666.5
02/20/1980,673
02/19/1980,655.5
02/15/1980,680.5
02/14/1980,690.5
02/13/1980,709
02/12/1980,718.5
02/11/1980,726
02/08/1980,717.5
02/07/1980,710
02/06/1980,727
02/05/1980,702
02/04/1980,677
02/01/1980,704
01/31/1980,704
01/30/1980,681
01/29/1980,702
01/28/1980,639
01/25/1980,635
01/24/1980,684
01/23/1980,734
01/22/1980,784
01/21/1980,834
01/18/1980,823
01/17/1980,790.5
01/16/1980,740.5
01/15/1980,690.5
01/14/1980,653
01/11/1980,628
01/10/1980,603
01/09/1980,605
01/08/1980,609
01/07/1980,634
01/04/1980,611
01/03/1980,591
01/02/1980,566
12/31/1979,541
12/28/1979,525
12/27/1979,523.5
12/26/1979,514.3
12/21/1979,495.5
12/20/1979,481
12/19/1979,480
12/18/1979,492
12/17/1979,479
12/14/1979,474.5
12/13/1979,472
12/12/1979,459.3
12/11/1979,460
12/10/1979,446
12/07/1979,436
12/06/1979,436.7
12/05/1979,444
12/04/1979,438.5
12/03/1979,443.7
11/30/1979,430.5
11/29/1979,419.5
11/28/1979,411
11/27/1979,398.2
11/26/1979,390.8
11/23/1979,394.6
11/21/1979,394.2
11/20/1979,393.5
11/19/1979,388.7
11/16/1979,391.2
11/15/1979,388.3
11/14/1979,392.4
11/13/1979,387
11/12/1979,397
11/09/1979,391.2
11/08/1979,394
11/07/1979,396
11/06/1979,397.5
11/05/1979,383.3
11/02/1979,378.5
11/01/1979,372
10/31/1979,385.7
10/30/1979,383.5
10/29/1979,379.5
10/26/1979,377.7
10/25/1979,394.7
10/24/1979,402.5
10/23/1979,392.5
10/22/1979,396.8
10/19/1979,400
10/18/1979,393.5
10/17/1979,393
10/16/1979,396
10/15/1979,407
10/12/1979,404
10/11/1979,396
10/10/1979,424.5
10/09/1979,399.5
10/08/1979,374.5
10/05/1979,393
10/04/1979,382.5
10/03/1979,402.5
10/02/1979,421
10/01/1979,424.5
09/28/1979,404.5
09/27/1979,408
09/26/1979,389
09/25/1979,381
09/24/1979,383.2
09/21/1979,384.2
09/20/1979,381.5
09/19/1979,384.8
09/18/1979,374.4
09/17/1979,364.4
09/14/1979,354.4
09/13/1979,352.9
09/12/1979,343.3
09/11/1979,346
09/10/1979,348.9
09/07/1979,346.3
09/06/1979,339
09/05/1979,340.6
09/04/1979,330.6
08/31/1979,326.7
08/30/1979,329.2
08/29/1979,326
08/28/1979,326.8
08/27/1979,323.9
08/24/1979,320.7
08/23/1979,324.7
08/22/1979,320.4
08/21/1979,316.2
08/20/1979,307
08/17/1979,307.3
08/16/1979,310.2
08/15/1979,309.6
08/14/1979,308.8
08/13/1979,305.8
08/10/1979,312.7
08/09/1979,309.1
08/08/1979,303
08/07/1979,294.2
08/06/1979,290.4
08/03/1979,295.8
08/02/1979,295.5
08/01/1979,300.9
07/31/1979,297.3
07/30/1979,307.3
07/27/1979,305.9
07/26/1979,305.6
07/25/1979,304.9
07/24/1979,307.1
07/23/1979,305.7
07/20/1979,302.5
07/19/1979,301.4
07/18/1979,301.8
07/17/1979,299
07/16/1979,297
07/13/1979,290.8
07/12/1979,291.2
07/11/1979,293.2
07/10/1979,292.3
07/09/1979,293
07/06/1979,290.9
07/05/1979,292.8
07/03/1979,285.8
07/02/1979,284
06/29/1979,283.8
06/28/1979,280.3
06/27/1979,280
06/26/1979,281.9
06/25/1979,286.5
06/22/1979,284.6
06/21/1979,284.5
06/20/1979,282.6
06/19/1979,285
06/18/1979,281.2
06/15/1979,283.1
06/14/1979,281.1
06/13/1979,283
06/12/1979,279.4
06/11/1979,284.6
06/08/1979,284.6
06/07/1979,281.6
06/06/1979,284.3
06/05/1979,283.9
06/04/1979,279.9
06/01/1979,276.9
05/31/1979,281.1
05/30/1979,276.3
05/29/1979,269.6
05/25/1979,270.5
05/24/1979,265.6
05/23/1979,264.7
05/22/1979,265.8
05/21/1979,267.5
05/18/1979,260
05/17/1979,259.7
05/16/1979,258.7
05/15/1979,255.8
05/14/1979,254.2
05/11/1979,249.8
05/10/1979,252.6
05/09/1979,252.3
05/08/1979,247.7
05/07/1979,251.7
05/04/1979,250.3
05/03/1979,249.5
05/02/1979,248.5
05/01/1979,247.8
04/30/1979,249.2
04/27/1979,248.6
04/26/1979,245.1
04/25/1979,245.4
04/24/1979,244.2
04/23/1979,243.8
04/20/1979,239
04/19/1979,240.5
04/18/1979,242.5
04/17/1979,235.6
04/16/1979,233.1
04/12/1979,235.6
04/11/1979,235.3
04/10/1979,242.4
04/09/1979,243.2
04/06/1979,244.3
04/05/1979,243.5
04/04/1979,245.3
04/03/1979,242.8
04/02/1979,243.8
03/30/1979,243.8
03/29/1979,243.9
03/28/1979,242.3
03/27/1979,242.8
03/26/1979,246.2
03/23/1979,241.8
03/22/1979,242.1
03/21/1979,243
03/20/1979,239.5
03/19/1979,244.1
03/16/1979,243.7
03/15/1979,244
03/14/1979,240.3
03/13/1979,240.3
03/12/1979,240.2
03/09/1979,241.6
03/08/1979,240.1
03/07/1979,242.5
03/06/1979,239.7
03/05/1979,236.7
03/02/1979,243.2
03/01/1979,252
02/28/1979,252.9
02/27/1979,251.2
02/26/1979,247.7
02/23/1979,255.7
02/22/1979,253.8
02/21/1979,252.6
02/20/1979,252.7
02/16/1979,250.6
02/15/1979,248
02/14/1979,249
02/13/1979,241.9
02/12/1979,248.6
02/09/1979,247.3
02/08/1979,247
02/07/1979,257
02/06/1979,247
02/05/1979,250.4
02/02/1979,242.5
02/01/1979,235.2
01/31/1979,236.6
01/30/1979,238
01/29/1979,232.2
01/26/1979,235.8
01/25/1979,234.5
01/24/1979,238.2
01/23/1979,233.3
01/22/1979,231.3
01/19/1979,232.6
01/18/1979,230.8
01/17/1979,227.4
01/16/1979,226.3
01/15/1979,220
01/12/1979,219.4
01/11/1979,218.6
01/10/1979,223.4
01/09/1979,222
01/08/1979,226.7
01/05/1979,224.8
01/04/1979,226.9
01/03/1979,223
01/02/1979,224.1
12/29/1978,229
12/28/1978,225.1
12/27/1978,224.8
12/26/1978,221.6
12/22/1978,216.7
12/21/1978,217.6
12/20/1978,217.6
12/19/1978,223.7
12/18/1978,217.6
12/15/1978,208.1
12/14/1978,207.1
12/13/1978,204.6
12/12/1978,208.3
12/11/1978,206.2
12/08/1978,207.6
12/07/1978,202.2
12/06/1978,200.9
12/05/1978,199.1
12/04/1978,199.9
12/01/1978,200.1
11/30/1978,196.4
11/29/1978,195.4
11/28/1978,192.6
11/27/1978,196.6
11/24/1978,201.4
11/22/1978,201.4
11/21/1978,197.9
11/20/1978,198.3
11/17/1978,200
11/16/1978,199.3
11/15/1978,199.1
11/14/1978,209
11/13/1978,211.2
11/10/1978,210.2
11/09/1978,208.5
11/08/1978,218.3
11/06/1978,213.2
11/03/1978,215
11/02/1978,220.7
11/01/1978,230.7
10/31/1978,240.7
10/30/1978,247
10/27/1978,239.4
10/26/1978,236.5
10/25/1978,235.5
10/24/1978,229.8
10/23/1978,227.8
10/20/1978,230
10/19/1978,227.7
10/18/1978,230.9
10/17/1978,231.1
10/16/1978,229.6
10/13/1978,226.9
10/12/1978,226.3
10/11/1978,230.7
10/10/1978,227.9
10/09/1978,227.1
10/06/1978,225.5
10/05/1978,227.2
10/04/1978,227
10/03/1978,226.4
10/02/1978,223.1
09/29/1978,220.9
09/28/1978,221.4
09/27/1978,222.3
09/26/1978,219.7
09/25/1978,221.7
09/22/1978,222.8
09/21/1978,220.1
09/20/1978,219.4
09/19/1978,214.4
09/18/1978,219.3
09/15/1978,214.5
09/14/1978,214.2
09/13/1978,215.6
09/12/1978,211.5
09/11/1978,210.4
09/08/1978,210.2
09/07/1978,211.3
09/06/1978,216.5
09/05/1978,217.6
09/01/1978,215.5
08/31/1978,210.6
08/30/1978,211.6
08/29/1978,211.4
08/28/1978,202.8
08/25/1978,202.6
08/24/1978,204.8
08/23/1978,207.1
08/22/1978,209.5
08/21/1978,212.7
08/18/1978,212.7
08/17/1978,211.7
08/16/1978,217.3
08/15/1978,218
08/14/1978,220.3
08/11/1978,216
08/10/1978,215.3
08/09/1978,210.8
08/08/1978,214
08/07/1978,213.1
08/04/1978,209.6
08/03/1978,205.7
08/02/1978,208.4
08/01/1978,207.5
07/31/1978,209.8
07/28/1978,206.9
07/27/1978,198.2
07/26/1978,195
07/25/1978,195.5
07/24/1978,193.8
07/21/1978,196.3
07/20/1978,192.2
07/19/1978,187.4
07/18/1978,186
07/17/1978,184.8
07/14/1978,186.6
07/13/1978,186.1
07/12/1978,187.2
07/11/1978,186.6
07/10/1978,187.2
07/07/1978,186.5
07/06/1978,183.9
07/05/1978,184.9
07/03/1978,184.8
06/30/1978,183.7
06/29/1978,183.9
06/28/1978,186
06/27/1978,186.5
06/26/1978,186.5
06/23/1978,187.4
06/22/1978,188
06/21/1978,187.6
06/20/1978,187.7
06/19/1978,188.3
06/16/1978,187.5
06/15/1978,185.9
06/14/1978,185
06/13/1978,185.5
06/12/1978,183.3
06/09/1978,183.5
06/08/1978,184
06/07/1978,182.7
06/06/1978,184.3
06/05/1978,184
06/02/1978,185.2
06/01/1978,186.7
05/31/1978,187
05/30/1978,186.6
05/26/1978,179.8
05/25/1978,180.3
05/24/1978,179.4
05/23/1978,181.8
05/22/1978,179.9
05/19/1978,178.6
05/18/1978,179
05/17/1978,177.2
05/16/1978,177.6
05/15/1978,176.6
05/12/1978,174.4
05/11/1978,174.4
05/10/1978,174.9
05/09/1978,172.8
05/08/1978,172.6
05/05/1978,174
05/04/1978,174.1
05/03/1978,172.2
05/02/1978,170.7
05/01/1978,169.8
04/28/1978,170.6
04/27/1978,171.7
04/26/1978,169.4
04/25/1978,168.4
04/24/1978,168.4
04/21/1978,171.5
04/20/1978,171.4
04/19/1978,174.3
04/18/1978,174.6
04/17/1978,173
04/14/1978,178.3
04/13/1978,179.6
04/12/1978,181.2
04/11/1978,182
04/10/1978,180.5
04/07/1978,179.5
04/06/1978,182.5
04/05/1978,180.4
04/04/1978,179.2
04/03/1978,179.8
03/31/1978,186.2
03/30/1978,182.9
03/29/1978,179.3
03/28/1978,182.6
03/27/1978,183.2
03/23/1978,180.8
03/22/1978,180.3
03/21/1978,177.2
03/20/1978,176
03/17/1978,181.9
03/16/1978,185.7
03/15/1978,183.7
03/14/1978,186.2
03/13/1978,189.4
03/10/1978,188.9
03/09/1978,188.1
03/08/1978,190.7
03/07/1978,189.2
03/06/1978,187.1
03/03/1978,184.6
03/02/1978,185
03/01/1978,184
02/28/1978,184.4
02/27/1978,182.7
02/24/1978,181.5
02/23/1978,184.6
02/22/1978,182
02/21/1978,183
02/17/1978,181.2
02/16/1978,182.5
02/15/1978,182
02/14/1978,179.2
02/13/1978,179.7
02/10/1978,178
02/09/1978,176.4
02/08/1978,175.9
02/06/1978,177.5
02/03/1978,176.7
02/02/1978,176.2
02/01/1978,178
01/31/1978,178.9
01/30/1978,176.7
01/27/1978,174.8
01/26/1978,176.2
01/25/1978,176.6
01/24/1978,176.7
01/23/1978,176.8
01/19/1978,173.7
01/18/1978,172.3
01/17/1978,173.9
01/16/1978,176.2
01/13/1978,175.5
01/12/1978,172.6
01/11/1978,175
01/10/1978,172.8
01/09/1978,173.3
01/06/1978,171.3
01/05/1978,170.8
01/04/1978,168
01/03/1978,173
12/30/1977,167.5
12/29/1977,167.7
12/28/1977,166.2
12/27/1977,166.2
12/23/1977,164.7
12/22/1977,162.9
12/21/1977,161.2
12/20/1977,161.5
12/19/1977,160.8
12/16/1977,161.6
12/15/1977,161.5
12/14/1977,161.5
12/13/1977,159.5
12/12/1977,157.2
12/09/1977,160
12/08/1977,162
12/07/1977,163.6
12/06/1977,161.8
12/05/1977,161.7
12/02/1977,160.1
12/01/1977,159.6
11/30/1977,162.3
11/29/1977,165.1
11/28/1977,160.8
11/25/1977,159.5
11/23/1977,158.6
11/22/1977,155.9
11/21/1977,155.2
11/18/1977,161.5
11/17/1977,160.6
11/16/1977,158.4
11/15/1977,163.5
11/14/1977,164.3
11/11/1977,168.9
11/10/1977,168.7
11/09/1977,168.2
11/08/1977,167.5
11/07/1977,166.2
11/04/1977,168.3
11/03/1977,166.1
11/02/1977,163.4
11/01/1977,163.6
10/31/1977,162.7
10/28/1977,162
10/27/1977,161.7
10/26/1977,164.1
10/25/1977,166.5
10/24/1977,166.6
10/21/1977,164.3
10/20/1977,162.5
10/19/1977,160.2
10/18/1977,162.6
10/17/1977,164.1
10/14/1977,162.1
10/13/1977,159.5
10/12/1977,160
10/11/1977,160.2
10/10/1977,159
10/07/1977,157.3
10/06/1977,155.5
10/05/1977,156.8
10/04/1977,157.8
10/03/1977,157.8
09/30/1977,156.4
09/29/1977,156
09/28/1977,155.6
09/27/1977,155.3
09/26/1977,155.9
09/23/1977,154
09/22/1977,154.1
09/21/1977,154
09/20/1977,153.5
09/19/1977,152
09/16/1977,151.5
09/15/1977,150.3
09/14/1977,150.4
09/13/1977,150
09/12/1977,150.3
09/09/1977,150.4
09/08/1977,149.4
09/07/1977,150.6
09/06/1977,149.3
09/02/1977,150.8
09/01/1977,148.3
08/31/1977,148.1
08/30/1977,148.5
08/29/1977,148.1
08/26/1977,148.6
08/25/1977,146.4
08/24/1977,146.9
08/23/1977,146.4
08/22/1977,146.2
08/19/1977,146.8
08/18/1977,147
08/17/1977,146.4
08/16/1977,145.9
08/15/1977,144.7
08/12/1977,146
08/11/1977,148.6
08/10/1977,148.6
08/09/1977,148.5
08/08/1977,149.3
08/05/1977,149.2
08/04/1977,148.6
08/03/1977,149.1
08/02/1977,148.3
08/01/1977,148.2
07/29/1977,147.1
07/28/1977,146.4
07/27/1977,145.4
07/26/1977,146.7
07/25/1977,147.3
07/22/1977,145.3
07/21/1977,144.2
07/20/1977,144.8
07/19/1977,145.2
07/18/1977,145.8
07/15/1977,144.7
07/13/1977,145
07/12/1977,143.6
07/11/1977,141.6
07/08/1977,142.5
07/07/1977,141.9
07/06/1977,141.4
07/05/1977,140.9
07/01/1977,142.1
06/30/1977,143.6
06/29/1977,143.7
06/28/1977,143
06/27/1977,144.6
06/24/1977,141.9
06/23/1977,141.7
06/22/1977,140.7
06/21/1977,141.7
06/20/1977,141.1
06/17/1977,140.7
06/16/1977,140.3
06/15/1977,140.5
06/14/1977,137.9
06/13/1977,138.7
06/10/1977,142.1
06/09/1977,140.7
06/08/1977,142.8
06/07/1977,143.7
06/06/1977,144.2
06/03/1977,143.5
06/02/1977,143.5
06/01/1977,145
05/31/1977,144.3
05/27/1977,144.5
05/26/1977,142.6
05/25/1977,144.1
05/24/1977,144
05/23/1977,145.3
05/20/1977,146.9
05/19/1977,147
05/18/1977,146.8
05/17/1977,147.5
05/16/1977,148.5
05/13/1977,148.3
05/12/1977,148
05/11/1977,147.5
05/10/1977,148
05/09/1977,148.2
05/06/1977,148.5
05/05/1977,147.6
05/04/1977,148
05/03/1977,147.9
05/02/1977,149.6
04/29/1977,148
04/28/1977,146.2
04/27/1977,146.9
04/26/1977,146.7
04/25/1977,148.3
04/22/1977,150.1
04/21/1977,150
04/20/1977,149.2
04/19/1977,151.1
04/18/1977,152.3
04/15/1977,152.7
04/14/1977,153.3
04/13/1977,153.8
04/12/1977,151.3
04/11/1977,150.7
04/07/1977,149.5
04/06/1977,149
04/05/1977,147.7
04/04/1977,151.1
04/01/1977,152.2
03/31/1977,151
03/30/1977,151.5
03/29/1977,148.6
03/28/1977,149.8
03/25/1977,153.3
03/24/1977,153
03/23/1977,153.8
03/22/1977,151
03/21/1977,153.7
03/18/1977,151
03/17/1977,150.2
03/16/1977,149.1
03/15/1977,148.1
03/14/1977,145.7
03/11/1977,146.1
03/10/1977,146.7
03/09/1977,148
03/08/1977,148.1
03/07/1977,148.1
03/04/1977,148.2
03/03/1977,146.1
03/02/1977,147.4
03/01/1977,143.6
02/28/1977,144.6
02/25/1977,142.3
02/24/1977,142.1
02/23/1977,140.7
02/22/1977,139.8
02/18/1977,138.3
02/17/1977,137.7
02/16/1977,137.3
02/15/1977,136.3
02/14/1977,136.6
02/11/1977,137
02/10/1977,136.4
02/09/1977,137.1
02/08/1977,135.6
02/07/1977,136.4
02/04/1977,134
02/03/1977,133.6
02/02/1977,133.9
02/01/1977,133.5
01/31/1977,134
01/28/1977,132.9
01/27/1977,131.2
01/26/1977,131.7
01/25/1977,134.5
01/24/1977,132.8
01/21/1977,132.6
01/20/1977,133.1
01/19/1977,133.1
01/18/1977,132.5
01/17/1977,132.8
01/14/1977,131.6
01/13/1977,132
01/12/1977,131.7
01/11/1977,130.7
01/10/1977,127.6
01/07/1977,133.1
01/06/1977,133.6
01/05/1977,133.2
01/04/1977,136.4
01/03/1977,136
12/30/1976,135.7
12/29/1976,135.1
12/28/1976,134.5
12/27/1976,134.2
12/23/1976,133.9
12/22/1976,134.4
12/21/1976,135.2
12/20/1976,132.4
12/17/1976,132
12/16/1976,134.9
12/15/1976,133.5
12/14/1976,137
12/13/1976,136.4
12/10/1976,139
12/09/1976,138.6
12/08/1976,138.1
12/07/1976,134.8
12/06/1976,136
12/03/1976,133.3
12/02/1976,132.1
12/01/1976,132.2
11/30/1976,132.6
11/29/1976,131.2
11/26/1976,129.7
11/24/1976,132.5
11/23/1976,132.4
11/22/1976,135.1
11/19/1976,130.8
11/18/1976,128.6
11/17/1976,131.8
11/16/1976,133.3
11/15/1976,135.9
11/12/1976,136.9
11/11/1976,135.8
11/10/1976,137.1
11/09/1976,133.2
11/08/1976,133
11/05/1976,128
11/04/1976,126
11/03/1976,125.2
11/01/1976,123.7
10/29/1976,123.8
10/28/1976,125.8
10/27/1976,120
10/26/1976,118.4
10/25/1976,116.9
10/22/1976,115.8
10/21/1976,116.3
10/20/1976,114.9
10/19/1976,115.3
10/18/1976,116.9
10/15/1976,117
10/14/1976,114.9
10/13/1976,115
10/12/1976,114.7
10/11/1976,114.6
10/08/1976,114
10/07/1976,115.5
10/06/1976,116.6
10/05/1976,114.5
10/04/1976,114.2
10/01/1976,116
09/30/1976,116.1
09/29/1976,116.1
09/28/1976,116.2
09/27/1976,117.7
09/24/1976,118.6
09/23/1976,117.8
09/22/1976,118.5
09/21/1976,119.1
09/20/1976,115
09/17/1976,117.5
09/16/1976,114
09/15/1976,112.3
09/14/1976,110.8
09/13/1976,114.7
09/10/1976,118.4
09/09/1976,113.9
09/08/1976,112.4
09/07/1976,111.8
09/03/1976,108
09/02/1976,105.4
09/01/1976,105.4
08/31/1976,103.2
08/30/1976,102.8
08/27/1976,103.1
08/26/1976,104.9
08/25/1976,106.1
08/24/1976,103.4
08/23/1976,104.5
08/20/1976,108.6
08/19/1976,108.9
08/18/1976,108.8
08/17/1976,112.2
08/16/1976,114
08/13/1976,114.5
08/12/1976,113.9
08/11/1976,114.5
08/10/1976,114.7
08/09/1976,113.6
08/06/1976,113.8
08/05/1976,113.3
08/04/1976,114.3
08/03/1976,113.9
08/02/1976,113.3
07/30/1976,114.2
07/29/1976,113.7
07/28/1976,112.9
07/27/1976,113.1
07/26/1976,112.1
07/23/1976,111.2
07/22/1976,111
07/21/1976,112.8
07/20/1976,108.9
07/19/1976,112.6
07/16/1976,117.9
07/15/1976,117.5
07/14/1976,123.1
07/13/1976,123
07/12/1976,122.2
07/09/1976,122.8
07/08/1976,123.7
07/07/1976,123.9
07/06/1976,124.2
07/02/1976,124.1
07/01/1976,123.6
06/30/1976,123.9
06/29/1976,124.2
06/28/1976,124
06/25/1976,125.5
06/24/1976,125.7
06/23/1976,125.6
06/22/1976,126
06/21/1976,127.2
06/18/1976,127.2
06/17/1976,127.1
06/16/1976,126.5
06/15/1976,127.1
06/14/1976,127.2
06/11/1976,126.9
06/10/1976,127.8
06/09/1976,128.1
06/08/1976,128.6
06/07/1976,128.8
06/04/1976,128
06/03/1976,129.3
06/02/1976,131.2
06/01/1976,129.4
05/28/1976,127.3
05/27/1976,126.8
05/26/1976,126.9
05/25/1976,124.9
05/24/1976,125.5
05/21/1976,126.2
05/20/1976,126.1
05/19/1976,126
05/18/1976,127.8
05/17/1976,128.1
05/14/1976,128.2
05/13/1976,128.2
05/12/1976,128.5
05/11/1976,128.6
05/10/1976,128.7
05/07/1976,129
05/06/1976,129.4
05/05/1976,128.3
05/04/1976,128.2
05/03/1976,128.9
04/30/1976,128.9
04/29/1976,128.5
04/28/1976,128.5
04/27/1976,129.2
04/26/1976,128.6
04/23/1976,127.9
04/22/1976,127.9
04/21/1976,127.8
04/20/1976,128.9
04/19/1976,128.8
04/15/1976,128.1
04/14/1976,128.1
04/13/1976,128.5
04/12/1976,128.5
04/09/1976,127.5
04/08/1976,129.4
04/07/1976,128
04/06/1976,128.5
04/05/1976,128.1
04/02/1976,129.6
04/01/1976,129.7
03/31/1976,129.7
03/30/1976,130.1
03/29/1976,128.1
03/26/1976,129.2
03/25/1976,133.1
03/24/1976,133.4
03/23/1976,133.9
03/22/1976,134.2
03/19/1976,134.8
03/18/1976,134.3
03/17/1976,134.4
03/16/1976,133.3
03/15/1976,133.5
03/12/1976,133.5
03/11/1976,133.8
03/10/1976,134.2
03/09/1976,133.7
03/08/1976,133.5
03/05/1976,134.5
03/04/1976,133.2
03/03/1976,132.2
03/02/1976,131.8
03/01/1976,132.3
02/27/1976,132.6
02/26/1976,132.4
02/25/1976,133.6
02/24/1976,134.2
02/23/1976,131.5
02/20/1976,131.6
02/19/1976,130.5
02/18/1976,130.3
02/17/1976,130
02/13/1976,131
02/12/1976,130.5
02/11/1976,130.1
02/10/1976,130.6
02/09/1976,130.2
02/06/1976,131.2
02/05/1976,129.2
02/04/1976,129.2
02/03/1976,131.1
02/02/1976,131.3
01/30/1976,129
01/29/1976,129
01/28/1976,128.2
01/27/1976,125.9
01/26/1976,125.5
01/23/1976,127.9
01/22/1976,125.5
01/21/1976,123.7
01/20/1976,124.1
01/19/1976,127.6
01/16/1976,131
01/15/1976,131.5
01/14/1976,133
01/13/1976,132
01/12/1976,136.9
01/09/1976,136.9
01/08/1976,136.1
01/07/1976,139.4
01/06/1976,140.1
01/05/1976,139.6
01/02/1976,141.2
12/31/1975,141
12/30/1975,141.8
12/29/1975,141.9
12/24/1975,141.7
12/23/1975,141.9
12/22/1975,143.7
12/19/1975,146.1
12/18/1975,139.1
12/17/1975,139.2
12/16/1975,138.9
12/15/1975,138.1
12/12/1975,138.9
12/11/1975,140
12/10/1975,139.9
12/09/1975,138.2
12/08/1975,136.9
12/05/1975,138.7
12/04/1975,139
12/03/1975,139
12/02/1975,140
12/01/1975,138.4
11/28/1975,138.8
11/26/1975,139.6
11/25/1975,140.3
11/24/1975,141.3
11/21/1975,141.1
11/20/1975,141.8
11/19/1975,142.9
11/18/1975,140.3
11/17/1975,139.3
11/14/1975,141.6
11/13/1975,142.9
11/12/1975,144
11/10/1975,144.7
11/07/1975,146.1
11/06/1975,146
11/05/1975,148.4
11/03/1975,143.3
10/31/1975,142.8
10/30/1975,143.6
10/29/1975,144.1
10/28/1975,143.3
10/27/1975,143
10/24/1975,144.1
10/23/1975,145.1
10/22/1975,146.5
10/21/1975,145.2
10/20/1975,146.8
10/17/1975,146.1
10/16/1975,144
10/15/1975,142.9
10/14/1975,142.9
10/10/1975,143.6
10/09/1975,141.7
10/08/1975,139.6
10/07/1975,143.7
10/06/1975,142.6
10/03/1975,139.9
10/02/1975,143.4
10/01/1975,144.2
09/30/1975,142.2
09/29/1975,139.8
09/26/1975,139
09/25/1975,137
09/24/1975,137.5
09/23/1975,131.2
09/22/1975,134.8
09/19/1975,138.4
09/18/1975,137.8
09/17/1975,144.3
09/16/1975,147.7
09/15/1975,150
09/12/1975,149.7
09/11/1975,149.6
09/10/1975,150.4
09/09/1975,151.8
09/08/1975,153
09/05/1975,156
09/04/1975,155.2
09/03/1975,153.7
09/02/1975,152.8
08/29/1975,162.8
08/28/1975,165.5
08/27/1975,166.3
08/26/1975,165.9
08/25/1975,166
08/22/1975,165.8
08/21/1975,166.3
08/20/1975,167
08/19/1975,166.2
08/18/1975,162.2
08/15/1975,166.8
08/14/1975,163.9
08/13/1975,165
08/12/1975,168.4
08/11/1975,166.7
08/08/1975,166.6
08/07/1975,171.3
08/06/1975,171
08/05/1975,171.6
08/04/1975,173.1
08/01/1975,173.4
07/31/1975,173.4
07/30/1975,173.8
07/29/1975,167.7
07/28/1975,169.8
07/25/1975,167.9
07/24/1975,166
07/23/1975,165.5
07/22/1975,166.4
07/21/1975,165.1
07/18/1975,165.4
07/17/1975,165.3
07/16/1975,165.3
07/15/1975,165.9
07/14/1975,167
07/11/1975,167.4
07/10/1975,165.3
07/09/1975,166.9
07/08/1975,166.7
07/07/1975,164
07/03/1975,166.4
07/02/1975,166.3
07/01/1975,168.1
06/30/1975,167.8
06/27/1975,167.9
06/26/1975,166
06/25/1975,166.3
06/24/1975,164.5
06/23/1975,163.5
06/20/1975,164.3
06/19/1975,164.3
06/18/1975,165.4
06/17/1975,166
06/16/1975,164.4
06/13/1975,165.9
06/12/1975,166.5
06/11/1975,167.1
06/10/1975,167.3
06/09/1975,168.5
06/06/1975,167.2
06/05/1975,167.4
06/04/1975,165.9
06/03/1975,167.5
06/02/1975,165.2
05/30/1975,169
05/29/1975,170.1
05/28/1975,170
05/27/1975,172
05/23/1975,174.7
05/22/1975,173.5
05/21/1975,172.2
05/20/1975,168.2
05/19/1975,167.7
05/16/1975,166.9
05/15/1975,165.9
05/14/1975,169.3
05/13/1975,166.7
05/12/1975,165.9
05/09/1975,166.6
05/08/1975,167.3
05/07/1975,166.1
05/06/1975,164.9
05/05/1975,163.5
05/02/1975,165
05/01/1975,165.5
04/30/1975,166.8
04/29/1975,167.8
04/28/1975,166.3
04/25/1975,166.8
04/24/1975,167
04/23/1975,168.8
04/22/1975,166.7
04/21/1975,165.7
04/18/1975,169
04/17/1975,169.5
04/16/1975,166.5
04/15/1975,164.6
04/14/1975,166.2
04/11/1975,172.7
04/10/1975,173.1
04/09/1975,174.5
04/08/1975,174.5
04/07/1975,174.1
04/04/1975,173.8
04/03/1975,177.1
04/02/1975,178.1
04/01/1975,179.1
03/31/1975,179.5
03/27/1975,176
03/26/1975,178.1
03/25/1975,176.2
03/24/1975,175.9
03/21/1975,175.6
03/20/1975,175.5
03/19/1975,179.2
03/18/1975,178.6
03/17/1975,179
03/14/1975,178.7
03/13/1975,179.5
03/12/1975,178.1
03/11/1975,180
03/10/1975,177.2
03/07/1975,178
03/06/1975,180.6
03/05/1975,178.7
03/04/1975,177
03/03/1975,182.6
02/28/1975,183
02/27/1975,182.5
02/26/1975,185.2
02/25/1975,184.4
02/24/1975,186.9
02/21/1975,186
02/20/1975,187.7
02/19/1975,185.6
02/18/1975,185.4
02/14/1975,184.9
02/13/1975,185.8
02/11/1975,176.8
02/10/1975,175.6
02/07/1975,177.3
02/06/1975,176.3
02/05/1975,176.7
02/04/1975,177.3
02/03/1975,178.3
01/31/1975,178
01/30/1975,178.3
01/29/1975,179.1
01/28/1975,176
01/27/1975,176.8
01/24/1975,179.5
01/23/1975,176.4
01/22/1975,174.3
01/21/1975,173.7
01/20/1975,176.2
01/17/1975,172.1
01/16/1975,175.1
01/15/1975,177.3
01/14/1975,178.6
01/13/1975,178.6
01/10/1975,181.3
01/09/1975,178.3
01/08/1975,177.4
01/07/1975,173.4
01/06/1975,174.4
01/03/1975,174.7
